Variable,row,age,sex,b1,b2,b3,b4,b5,b6,b7,b8,b9,b10,b11,b12,b13,b14,b15,b16,b17,b18,b19,b20,b21,b22,b23,b24,b25,b26,b27,b28,b29,b30,b31,b32,b33,b34,b35,b36,b37,b38,b39,b40,b41,b42,b43,b44,b45,b46,b47,b48,b49,b50,b51,b52,b53,b54,b55,b56,b57,b58,b59,b60,b61,b62,b63,b64,b65,b66,b67,b68,b69,b70,b71,b72,b73,b74,b75,b76,b77,m1,m2,m3,m4,m5,m6,m7,m8,m9,m10,m11,m12,m13,m14,m15,m16,m17,m18,m19,m20,m21,m22,m23,m24,m25,m26,m27,m28,m29,m30,m31,m32,m33,m34,m35,m36,m37,m38,m39,m40,m41,m42,m43,m44,m45,m46,m47,m48,m49,m50,m51,m52,m53,m54,m55,m56,roshd,khodpeiravi,ertebatm,rezayat,manaviat,shadi,behzisti,maharat ej,raftar,parkhash,bartari,rabete hamsal,maharat
Label,,,,,,,,,,,,,,,,,,,,,,,,,,,,,,,,,,,,,,,,,,,,,,,,,,,,,,,,,,,,,,,,,,,,,,,,,,,,,,,,,,,,,,,,,,,,,,,,,,,,,,,,,,,,,,,,,,,,,,,,,,,,,,,,,,,,,,,,,,,,,,,,,,,,,
,1,,1,1,1,1,1,1,1,1,1,1,1,4,2,2,2,1,1,1,2,3,5,1,1,1,5,1,5,1,1,2,4,2,1,5,3,5,2,1,1,4,5,5,2,3,4,4,1,4,1,1,1,1,4,2,4,5,4,1,5,4,1,1,1,1,1,1,1,1,1,1,5,1,1,3,1,3,1,5,5,5,5,5,4,5,5,5,5,5,5,5,5,5,5,5,5,5,5,1,1,1,1,1,3,2,3,1,1,1,1,1,2,1,1,1,1,1,5,1,1,5,2,3,5,1,1,5,1,1,5,1,5,1,1,5,15,28,16,42,22,48,170,89,20,17,17,25,168
,2,,1,3,1,2,1,2,1,1,1,1,2,3,3,4,2,1,1,2,4,4,2,2,2,1,4,3,3,1,1,2,5,1,1,1,1,5,1,1,1,2,3,4,2,2,5,2,1,1,1,2,2,1,2,4,2,4,2,2,4,2,2,2,3,1,2,1,1,1,4,2,5,2,2,4,4,4,2,2,5,4,5,4,4,5,5,5,5,4,5,4,4,5,2,5,4,5,1,4,2,1,2,1,1,1,1,1,4,1,5,3,3,1,1,2,1,2,5,1,1,3,4,2,3,2,3,4,1,2,2,4,3,2,5,5,18,26,17,43,21,47,171,80,19,26,17,28,170
,3,,1,3,4,4,1,1,1,1,1,1,1,3,2,2,2,1,1,1,2,5,3,1,1,1,5,4,2,1,1,2,3,1,1,1,1,3,1,3,1,4,5,3,4,1,5,2,1,2,2,1,2,1,1,2,1,2,2,1,3,2,1,2,3,4,5,1,2,3,4,5,5,2,3,1,2,3,4,1,5,5,5,5,3,3,5,5,5,5,5,5,5,2,5,5,3,5,1,1,1,1,1,1,3,1,1,1,2,1,2,1,3,1,1,1,1,3,1,1,1,1,1,1,2,3,1,2,1,1,3,1,3,1,1,1,15,31,18,34,27,42,171,81,14,17,9,14,135
,4,,1,2,5,2,2,2,2,1,2,2,5,4,1,2,2,1,2,1,2,3,2,2,2,2,5,3,3,1,1,4,5,2,2,2,2,5,2,3,2,1,4,1,1,1,3,3,1,2,1,1,1,4,1,2,3,3,3,2,3,5,3,3,3,3,3,3,3,3,3,3,3,3,3,5,2,2,1,5,5,5,5,4,4,4,5,5,5,4,5,5,5,5,5,5,4,4,1,1,1,1,1,1,1,3,1,1,2,4,1,1,1,1,1,1,1,2,5,1,1,5,3,1,5,2,2,2,1,2,5,1,5,1,1,1,24,29,20,45,25,53,193,84,14,20,18,19,155
,5,,1,1,1,2,1,1,1,1,1,1,2,4,1,5,2,1,1,2,1,1,2,1,1,1,5,1,4,1,1,4,5,1,1,1,1,4,2,4,1,2,1,1,1,1,2,4,1,2,4,2,2,1,4,4,1,4,4,2,2,3,4,2,2,1,4,2,1,1,2,1,4,2,2,4,2,1,1,4,5,5,4,5,4,1,5,4,4,4,4,4,5,4,5,5,4,2,1,1,1,1,1,1,1,1,1,1,1,1,2,1,1,1,1,1,1,11,1,1,1,4,4,2,5,4,2,5,1,1,4,1,4,5,1,1,24,25,12,40,22,38,159,74,11,23,21,23,152
,6,,1,3,4,2,2,2,2,1,1,2,2,2,2,2,2,5,5,5,5,5,3,1,3,1,1,1,1,3,3,5,5,1,5,1,1,5,1,3,3,3,3,3,3,3,3,2,2,2,4,2,4,4,2,3,1,3,5,3,1,1,1,1,3,1,1,1,3,1,3,1,4,3,5,2,2,1,3,3,3,4,2,1,4,4,5,2,3,1,5,2,3,3,2,5,1,2,2,1,5,2,5,2,2,2,2,2,4,1,1,2,3,2,4,2,1,2,5,1,2,3,2,2,2,2,2,5,1,3,3,2,4,2,2,4,19,21,15,44,36,59,197,52,29,26,13,26,146
,7,,1,3,1,3,3,1,2,3,2,3,3,3,3,3,3,1,1,3,2,4,4,2,3,3,4,4,3,2,3,4,3,4,1,3,4,4,4,2,4,3,4,2,2,2,3,2,3,2,1,5,1,3,2,2,1,4,3,2,2,1,4,2,2,1,2,2,2,2,4,2,4,4,4,5,1,1,1,5,2,3,4,5,2,4,5,5,1,3,5,2,5,3,5,5,3,4,2,1,1,2,2,2,1,1,2,1,2,1,2,1,2,1,1,1,1,1,2,1,1,5,3,1,5,5,5,2,1,1,5,1,5,1,3,3,23,27,20,61,27,49,206,66,17,15,24,22,144
,8,,1,4,3,2,2,3,4,1,2,1,1,4,2,4,2,3,2,3,4,5,4,1,2,4,5,1,5,2,4,2,4,2,1,3,4,2,1,2,2,2,4,4,2,2,4,2,1,4,1,2,1,1,2,3,3,4,4,2,2,2,3,1,1,1,2,1,1,1,2,1,4,1,2,4,4,3,1,2,4,4,5,5,4,5,5,5,1,5,5,4,5,5,4,5,5,5,2,1,5,1,2,1,1,3,5,1,3,1,3,1,5,1,1,1,1,5,1,1,1,3,1,1,5,4,5,5,1,1,5,1,4,1,3,5,19,31,17,49,25,51,190,81,25,22,19,26,173
,9,,1,2,5,1,2,2,1,3,1,2,2,1,1,3,3,2,1,1,2,3,5,2,2,2,5,4,3,1,1,4,3,2,1,3,3,4,3,3,1,1,2,2,1,1,1,5,1,3,1,1,1,1,3,3,2,4,1,3,4,4,1,2,4,3,3,3,3,3,3,3,3,3,3,2,5,1,1,1,5,5,5,4,3,2,5,4,5,4,5,4,4,3,4,4,4,5,1,1,1,1,1,1,1,2,1,1,1,1,4,1,1,1,1,1,1,2,5,2,1,3,2,2,2,1,3,4,3,2,2,1,2,5,2,1,22,34,18,48,17,43,182,75,12,21,13,22,143
,10,,1,1,1,2,3,3,2,1,1,3,1,2,3,5,4,1,1,2,2,2,4,2,2,1,5,2,2,1,1,3,4,3,1,2,3,5,3,2,3,3,3,4,2,3,3,1,3,3,3,2,5,3,1,2,2,3,5,2,3,3,3,3,2,3,2,2,3,3,3,3,3,3,3,3,3,3,3,3,5,4,3,3,4,3,5,4,5,3,4,3,4,3,5,4,3,4,1,1,1,2,1,1,1,5,1,1,3,4,2,1,4,1,3,1,1,3,3,2,1,1,1,1,1,1,2,4,3,1,2,5,5,1,2,2,22,29,19,46,31,49,199,69,18,26,7,25,145
,11,,1,3,2,2,3,3,2,2,2,1,3,4,2,2,2,1,2,3,4,4,4,3,2,2,4,3,3,1,1,3,4,2,2,2,1,5,3,5,2,3,4,2,4,3,4,3,2,4,2,1,3,3,2,3,3,4,4,2,4,2,2,1,1,1,2,2,2,1,1,1,4,1,1,1,1,2,1,1,4,3,3,3,4,3,5,4,3,2,4,3,4,3,4,5,3,5,3,2,2,2,2,2,1,2,2,2,2,2,3,1,3,1,2,2,2,4,2,1,1,2,1,2,2,1,4,4,3,2,3,3,3,2,2,3,16,31,20,41,27,50,187,65,22,24,12,25,148
,12,,1,2,2,5,2,1,2,2,2,4,2,3,3,2,4,2,1,2,4,3,5,2,4,2,4,4,3,2,2,4,4,2,2,3,3,2,2,4,2,2,4,4,2,4,2,2,2,3,3,2,4,2,1,4,2,3,4,1,4,3,1,3,2,1,1,1,1,2,2,1,3,2,1,2,3,2,1,3,4,5,5,4,5,4,5,4,4,5,5,4,4,4,4,5,3,4,1,1,1,1,1,1,1,1,1,1,4,1,2,1,1,1,1,1,1,1,1,1,1,1,1,1,1,1,2,3,3,3,5,2,3,3,4,4,21,31,20,45,31,45,194,78,14,13,7,30,142
,13,,1,2,2,1,1,1,2,2,1,2,2,3,1,1,1,2,1,2,2,3,3,2,2,2,5,1,2,2,2,5,4,2,1,2,2,4,3,2,2,1,3,4,3,2,3,3,3,3,3,3,3,3,2,3,2,3,3,2,4,4,2,2,2,2,3,2,2,2,2,2,4,2,2,3,3,3,3,3,5,4,4,5,4,4,5,4,4,4,5,4,5,4,5,5,4,4,1,1,1,1,1,1,1,2,1,1,4,1,2,1,1,1,1,1,1,1,4,1,1,1,2,1,2,1,2,3,1,3,5,2,5,1,1,2,21,29,19,42,22,48,184,79,15,16,9,23,142
,14,,1,1,3,1,1,1,1,1,1,1,1,1,1,4,2,1,1,2,2,4,1,1,1,1,4,1,3,1,1,5,5,1,1,1,1,5,1,1,1,3,4,2,1,1,2,1,1,1,1,1,5,1,1,3,1,1,4,3,5,1,1,1,1,1,1,1,1,1,3,1,5,1,1,2,5,2,1,5,4,3,5,5,5,4,5,5,5,4,3,5,5,5,5,5,4,5,2,2,3,2,2,1,1,5,2,1,3,1,1,1,2,1,1,1,2,3,5,2,3,5,5,3,5,3,5,5,1,1,4,3,5,1,1,5,16,21,12,30,23,41,143,82,24,23,26,26,181
,15,,1,1,3,1,1,1,1,3,1,1,2,1,2,3,3,3,1,3,4,5,3,1,2,3,5,1,5,1,1,3,3,2,2,2,3,5,2,3,1,3,5,3,1,4,2,3,2,3,1,3,5,2,1,4,1,3,5,2,5,1,3,1,2,1,2,3,1,3,1,3,4,1,1,3,1,2,3,5,3,5,5,5,5,3,5,4,5,3,5,4,5,4,5,3,4,3,1,1,2,4,1,1,1,2,1,1,1,1,3,1,4,1,1,1,1,2,4,2,1,4,2,1,5,2,1,5,2,2,4,1,2,3,2,2,16,26,18,43,27,55,187,76,16,22,15,23,152
,16,,1,3,4,1,3,1,1,1,1,1,1,3,3,3,5,1,1,3,3,5,3,3,3,3,3,4,5,1,1,4,4,3,1,2,3,3,3,2,1,5,5,3,3,5,4,1,1,1,2,2,3,5,3,2,3,3,3,3,3,1,1,1,1,5,3,1,1,1,1,1,5,1,1,1,2,2,2,5,5,5,5,5,5,4,5,5,5,5,5,1,5,5,5,5,5,5,5,4,5,5,5,4,1,5,2,1,1,1,3,1,5,1,1,1,1,1,5,1,1,5,5,4,5,5,3,5,5,5,5,4,2,3,5,2,17,22,18,46,30,57,192,85,38,22,27,36,208
,17,,1,3,1,1,5,3,3,2,1,4,3,3,2,3,2,2,3,2,5,3,3,2,3,4,4,4,4,1,2,2,3,4,1,2,2,4,3,3,1,4,3,5,1,4,3,1,1,2,1,3,5,3,3,3,3,3,3,3,3,3,1,1,4,1,1,4,1,3,1,1,4,1,4,3,1,1,1,4,5,4,5,5,4,3,5,5,5,3,4,4,5,5,4,4,5,5,1,1,1,1,1,1,1,1,1,4,4,1,3,1,1,1,1,1,1,2,2,1,1,2,1,1,2,3,3,3,5,4,5,2,2,5,5,1,22,24,23,49,26,57,200,80,17,16,12,32,157
,18,,1,3,3,1,2,2,1,3,1,1,3,3,3,2,1,3,1,3,2,2,3,2,1,1,3,1,3,2,2,3,3,3,1,2,2,3,3,3,1,1,2,2,5,2,3,3,1,3,3,1,3,2,2,2,3,3,1,3,3,2,2,2,3,1,2,3,2,1,3,3,2,3,3,3,3,2,1,3,4,3,3,5,3,2,5,3,4,3,5,3,4,2,4,5,4,5,2,5,2,1,1,1,1,2,2,1,2,1,2,1,1,1,1,1,1,1,1,1,1,4,3,4,5,4,4,5,1,1,4,2,4,1,1,4,19,30,17,42,21,46,174,67,20,13,24,23,147
,19,,1,1,1,1,1,1,1,1,1,1,1,1,1,1,1,1,1,1,1,1,5,1,1,1,5,1,5,1,1,5,5,1,1,1,1,5,1,1,1,1,1,5,1,1,5,1,1,1,1,1,1,5,1,1,1,5,5,1,5,1,1,1,1,1,1,1,1,1,1,1,1,1,1,1,4,1,1,1,5,5,5,5,5,4,5,4,5,4,5,4,5,5,5,5,5,5,1,2,1,1,1,1,1,1,1,1,5,1,1,1,2,1,1,1,1,1,1,1,1,1,1,1,5,4,1,5,1,1,5,1,5,1,1,5,12,25,12,27,16,35,128,86,16,13,13,25,153
,20,,1,1,1,1,2,2,4,3,1,1,1,4,1,2,2,1,2,3,5,1,5,1,1,1,5,3,1,1,1,4,4,1,1,1,1,2,3,1,1,1,1,2,4,1,4,2,1,1,1,1,5,1,1,1,1,4,5,1,2,4,1,1,1,1,1,1,2,1,1,4,1,4,5,1,1,1,1,3,4,5,5,4,5,5,5,4,4,3,5,2,5,4,5,5,4,5,1,1,1,2,1,1,1,2,1,1,4,1,3,1,1,1,2,1,1,1,3,1,3,4,2,1,4,3,1,5,2,4,5,1,4,2,5,5,17,28,12,27,25,41,151,79,16,19,15,33,162
,21,,1,3,1,1,1,1,1,1,1,1,2,3,2,3,2,1,1,1,5,3,3,1,1,1,5,1,3,1,1,5,5,1,1,1,1,5,1,1,1,1,5,1,2,2,4,1,1,1,1,1,5,1,1,5,3,3,2,4,4,1,1,1,1,1,1,1,1,1,1,1,5,1,1,1,1,1,1,4,1,5,5,5,5,1,5,5,5,5,5,5,5,5,3,5,5,5,1,1,1,1,1,1,1,1,1,1,1,1,1,1,1,1,1,1,1,1,3,1,1,1,5,1,1,1,1,5,1,1,5,1,1,1,5,5,14,23,13,31,19,46,147,80,11,14,10,25,140
,22,,1,2,3,2,2,1,2,2,1,3,2,3,2,3,2,1,1,2,4,4,3,2,2,3,4,3,3,3,2,4,3,2,3,2,2,3,2,2,2,3,3,3,3,3,3,3,3,3,3,3,3,3,3,3,3,3,3,3,3,2,3,3,3,3,3,3,3,3,3,3,3,3,3,4,2,4,1,4,4,2,5,4,4,5,5,4,4,4,4,5,5,2,2,5,4,2,1,1,1,1,1,1,1,2,3,1,2,1,2,1,3,2,1,1,1,1,4,1,1,2,1,3,3,1,4,5,3,1,4,2,3,2,2,2,24,28,19,51,31,55,208,70,15,19,14,24,142
,23,,1,1,1,1,1,3,1,5,1,5,1,1,1,5,1,1,5,1,5,5,1,5,5,1,1,5,5,1,3,1,5,5,1,5,5,1,5,1,1,1,5,1,1,1,5,1,1,1,1,1,5,1,1,5,1,1,5,1,5,1,1,1,1,3,1,3,1,2,2,1,4,4,4,1,1,1,1,5,1,3,4,5,5,1,5,5,1,4,5,5,5,1,5,5,1,4,1,1,1,1,1,1,1,2,1,1,3,1,2,1,1,1,1,1,1,1,1,1,1,2,1,1,2,1,1,1,5,5,1,1,2,1,5,3,20,17,26,44,26,50,184,65,14,13,8,24,124
,24,,1,3,3,2,3,4,1,3,1,3,3,3,4,2,1,1,2,3,3,3,3,3,3,3,4,2,3,1,5,4,3,3,3,3,5,2,1,2,1,2,3,4,4,3,3,3,1,1,3,1,5,1,2,3,1,2,3,3,3,3,1,3,2,3,3,2,3,1,1,2,2,1,2,4,3,2,1,3,5,5,5,5,3,3,3,4,5,4,5,3,3,5,3,5,3,3,3,1,1,1,1,1,1,1,1,1,3,1,5,4,1,1,3,1,1,1,1,1,1,3,2,1,1,1,1,5,3,3,5,1,4,1,3,5,25,25,26,49,31,41,195,72,15,21,9,30,147
,25,,1,4,3,2,2,2,2,2,1,2,2,3,1,4,2,1,2,2,3,4,5,2,2,2,5,4,4,1,1,2,4,2,1,2,2,2,2,3,2,1,3,3,1,3,4,3,1,2,1,1,1,4,3,2,3,4,2,2,5,5,2,1,3,1,2,2,1,1,2,2,3,2,2,3,3,3,1,3,5,4,5,4,4,4,5,4,5,4,5,4,4,5,4,5,5,4,4,1,2,1,2,2,1,2,2,2,4,1,1,1,2,1,1,1,1,1,2,1,1,4,1,1,4,1,1,2,1,1,4,1,2,1,2,4,22,34,18,44,18,48,183,80,23,14,12,18,147
,26,,1,3,2,1,1,2,2,1,1,1,3,2,3,2,2,2,1,2,3,3,5,1,1,2,3,2,2,2,2,4,5,3,2,2,1,2,3,3,2,3,2,3,3,2,2,2,1,2,2,2,2,3,2,2,3,2,4,2,1,3,2,2,2,1,1,2,1,1,3,3,1,2,2,2,2,3,1,2,4,5,5,5,5,3,5,5,4,3,5,4,4,3,3,5,5,3,1,1,1,1,1,1,1,1,1,1,1,1,1,1,1,1,1,1,1,2,2,1,1,1,1,1,3,1,1,5,1,1,4,1,3,1,1,3,19,26,14,42,24,40,165,76,11,14,8,20,129
,27,,1,1,5,2,1,1,1,1,1,1,1,5,1,1,1,1,1,1,1,1,4,1,1,1,5,1,1,1,1,4,1,1,1,1,1,3,2,1,1,1,1,1,5,1,3,3,1,1,1,1,1,1,1,1,1,2,1,1,3,1,1,1,3,1,1,1,2,1,1,1,1,1,1,2,1,1,1,1,5,4,4,4,5,4,5,5,5,4,5,4,5,4,5,5,4,3,2,4,1,1,1,1,1,1,1,1,1,1,2,1,2,2,1,1,1,1,1,1,1,5,4,3,5,4,5,5,1,1,4,4,4,1,1,5,12,23,8,24,18,29,114,80,15,15,26,26,162
,28,,1,4,5,2,1,1,1,2,1,2,3,2,1,4,2,1,1,1,2,2,4,2,1,1,4,4,2,1,1,5,5,1,1,1,1,4,1,1,1,2,2,4,2,2,3,2,1,1,1,1,3,1,1,4,3,2,4,2,4,4,1,2,2,1,2,1,3,1,3,3,4,2,2,2,2,2,1,5,5,5,5,5,3,4,5,4,5,4,5,5,5,3,4,4,4,5,1,1,1,1,1,1,1,1,1,1,3,1,1,1,1,1,1,1,1,1,2,1,1,2,3,2,2,1,2,4,1,2,4,1,3,2,3,4,22,27,18,31,22,47,167,80,13,13,12,24,142
,29,,1,3,4,2,2,1,1,3,1,1,3,2,2,3,2,1,2,3,2,3,5,4,2,3,4,1,2,1,2,5,5,2,1,1,1,3,3,2,2,2,2,4,3,2,5,4,1,4,1,2,2,1,4,4,4,5,5,2,4,4,1,1,1,1,3,1,1,2,2,2,4,1,2,1,2,4,1,3,2,2,2,2,3,4,2,3,2,3,4,3,5,2,4,5,5,2,3,4,2,3,3,1,1,1,2,1,2,1,2,1,1,3,1,1,1,3,4,2,1,5,2,2,2,3,1,1,1,1,3,5,2,1,3,5,18,29,21,45,23,51,188,55,23,21,15,22,136
,30,,1,1,2,2,2,2,1,4,2,4,2,2,4,3,2,1,1,1,4,5,5,1,2,3,3,1,5,1,1,3,4,1,1,1,1,2,3,1,1,3,4,5,5,2,5,5,1,2,3,1,4,3,2,2,4,2,5,1,5,3,3,1,2,3,1,1,1,1,3,1,4,1,1,5,3,2,1,2,2,5,5,5,4,2,3,5,1,2,5,3,5,2,5,5,2,4,1,1,1,2,1,1,1,3,1,1,1,2,3,1,1,2,4,3,4,1,3,3,2,4,1,4,5,1,3,2,1,4,2,1,2,4,4,2,20,24,23,44,34,46,188,65,14,29,18,22,148
,31,,1,4,2,2,4,2,3,2,2,1,4,2,2,4,2,2,4,4,4,4,4,2,4,4,4,4,4,1,1,1,1,3,1,3,1,5,1,3,1,1,2,1,5,1,1,3,1,1,2,2,3,1,3,4,1,3,1,1,4,3,1,1,1,1,1,3,1,1,1,3,3,1,3,5,2,2,1,3,4,5,5,5,5,1,5,5,5,5,5,5,5,1,3,5,4,4,1,1,1,1,1,1,1,4,1,1,3,2,4,4,3,2,2,2,1,5,2,2,1,3,2,2,5,5,4,5,1,1,5,2,2,2,3,3,23,28,15,43,28,46,180,77,16,30,21,24,168
,32,,1,1,1,2,1,1,1,1,1,1,1,1,1,3,1,1,1,1,2,1,5,1,1,1,3,1,3,1,1,5,5,1,3,1,1,5,1,1,1,1,1,1,3,1,3,1,1,1,1,1,5,3,1,5,1,5,1,1,4,2,1,1,1,1,1,1,1,1,1,1,1,1,1,3,1,1,1,5,5,5,5,5,5,4,5,5,5,4,5,5,5,4,5,5,5,5,4,1,1,1,2,1,1,4,1,1,3,1,3,3,3,1,1,1,1,2,5,1,1,5,5,5,5,3,5,5,1,1,5,2,5,1,1,5,17,19,8,27,23,38,131,87,20,23,28,26,184
,33,,1,3,1,3,1,3,1,2,1,2,3,4,1,3,1,1,2,3,2,2,3,3,2,2,4,3,3,2,2,2,3,3,1,2,2,3,2,3,2,1,2,2,3,1,3,3,1,3,3,1,3,3,1,2,2,3,2,2,4,2,2,1,3,3,1,1,1,1,2,3,2,2,3,3,3,3,1,3,5,5,5,5,5,4,5,5,5,5,5,5,5,4,5,5,5,5,1,1,1,1,1,1,1,1,1,1,1,1,2,1,1,1,1,1,1,1,1,1,1,2,2,1,1,1,1,5,1,1,5,1,2,3,1,5,19,32,18,38,25,40,171,88,11,13,8,24,144
,34,,1,3,1,1,1,1,3,2,1,1,5,5,1,3,1,1,3,4,5,5,5,2,1,3,2,5,5,1,1,1,5,1,1,5,1,5,3,1,5,5,3,1,5,1,5,3,1,1,2,1,5,1,1,1,1,3,5,2,5,3,2,1,1,1,5,1,1,1,3,1,5,1,1,1,1,3,1,2,5,3,5,3,3,3,5,3,5,4,5,1,4,5,4,5,1,5,1,1,1,4,1,1,1,4,1,1,5,1,5,2,3,3,3,1,1,1,1,2,1,5,4,5,5,1,3,5,1,5,4,1,4,1,5,1,17,25,20,45,30,49,187,69,21,24,23,27,164
,35,,1,1,1,2,1,1,1,1,1,2,1,1,1,2,2,1,1,2,2,4,5,2,1,1,5,4,1,1,1,2,2,1,1,1,2,2,2,2,1,1,2,2,2,1,5,2,1,2,1,1,1,2,1,1,5,5,1,1,4,4,1,1,1,1,1,1,1,1,1,1,4,1,1,1,1,1,1,2,5,5,4,5,5,4,5,5,5,5,5,4,4,4,5,5,5,5,1,1,1,1,1,1,1,1,1,1,2,1,1,1,2,1,1,1,1,1,2,1,1,5,4,1,4,2,4,5,1,1,5,1,4,1,2,2,16,23,12,29,15,36,132,85,12,14,20,22,153
,36,,1,2,1,2,3,2,2,1,3,1,2,2,2,2,3,1,4,2,3,4,5,1,1,1,2,4,3,2,3,4,5,1,2,3,2,4,1,1,1,2,2,3,2,2,4,4,1,1,1,1,5,1,2,2,3,4,4,1,5,2,1,1,1,1,1,1,1,1,2,1,2,1,1,2,3,2,1,2,4,5,5,5,3,4,5,5,4,5,5,4,3,4,5,5,3,5,2,1,2,1,1,1,1,2,1,1,2,1,2,1,2,1,1,1,1,2,5,1,1,4,2,2,2,2,2,5,4,2,4,1,4,2,2,5,19,23,13,40,32,38,165,79,15,19,14,29,156
,37,,1,1,1,1,5,2,1,1,1,1,2,1,1,5,3,1,3,1,5,3,5,1,3,1,5,5,4,1,1,2,5,1,1,1,1,5,1,1,1,1,2,5,5,2,5,2,1,1,1,1,1,5,2,2,1,1,5,1,5,5,1,1,1,1,1,1,1,1,1,1,4,1,1,1,1,2,1,1,5,5,5,5,2,3,5,5,5,4,5,5,5,4,5,5,5,5,1,5,1,1,1,1,1,1,1,1,1,1,1,1,1,1,1,1,1,1,2,1,1,4,3,1,5,1,1,5,1,1,5,1,5,1,4,5,21,22,15,33,24,44,160,83,15,13,15,28,154
,38,,1,3,3,2,1,1,1,1,1,1,2,3,2,3,2,1,2,1,3,2,5,3,1,2,5,4,3,1,1,3,5,2,1,1,1,4,2,3,2,2,2,3,1,1,4,3,1,3,2,2,1,1,3,2,3,4,2,2,4,4,3,1,2,1,1,1,1,1,2,3,3,2,3,3,4,3,1,5,5,4,4,4,4,3,5,4,5,5,5,5,5,4,5,5,4,4,1,1,3,1,1,1,1,1,1,1,3,1,3,1,1,1,1,1,1,1,2,1,1,5,3,1,5,3,2,5,2,3,3,2,3,1,1,4,21,35,14,41,19,45,174,80,15,15,19,24,153
,39,,1,3,4,1,1,2,2,1,1,2,3,2,1,2,3,2,1,2,2,3,3,2,1,2,4,3,3,1,2,4,4,1,1,1,2,4,2,2,2,2,3,4,2,2,3,3,1,2,2,1,1,2,2,2,3,4,2,2,3,3,2,2,1,1,2,2,2,1,2,3,2,2,2,2,3,3,1,3,5,3,2,5,5,4,5,5,5,4,5,4,4,3,5,5,4,5,1,1,1,1,1,1,1,1,1,1,1,1,4,1,3,1,1,1,1,3,2,1,1,5,4,3,5,5,2,3,1,1,4,2,3,2,2,4,20,27,19,37,18,46,167,78,11,20,24,22,155
,40,,1,1,2,1,1,1,1,1,1,1,1,1,4,3,2,1,1,1,1,4,1,2,1,1,4,2,3,1,1,3,4,1,1,1,1,1,1,1,1,5,3,3,1,2,4,1,1,1,1,1,1,1,1,2,1,2,4,1,2,4,1,1,1,1,4,2,1,1,2,1,3,1,1,3,4,2,1,4,5,5,5,5,5,4,5,5,5,4,4,5,5,4,5,4,5,5,3,2,1,1,1,2,1,3,1,1,4,1,1,1,1,1,1,1,1,3,2,1,1,5,2,1,5,5,1,4,2,2,5,2,3,1,1,5,19,17,16,30,22,33,136,85,20,15,19,25,164
,41,,1,3,1,1,1,2,1,2,1,2,2,4,1,1,1,1,1,2,1,1,4,1,1,1,4,3,1,1,1,2,5,1,1,1,1,3,3,3,1,1,3,1,3,1,3,3,1,2,3,1,1,3,3,1,3,3,3,3,3,2,3,3,3,3,3,3,3,3,3,3,3,3,3,3,3,3,3,3,4,5,5,4,5,3,5,5,4,3,5,4,5,3,5,5,4,4,2,2,1,1,1,2,1,3,1,1,1,1,2,1,1,1,2,1,1,2,4,2,1,5,1,1,5,3,1,5,3,1,5,1,3,2,1,4,18,32,16,39,20,42,168,78,16,19,16,25,154
,42,,1,2,3,1,2,3,2,2,2,1,1,2,2,3,2,1,3,1,3,3,3,1,2,2,3,2,3,1,2,3,3,3,2,3,2,3,3,2,3,3,3,3,2,3,4,2,2,3,2,1,4,3,2,3,3,3,4,3,4,2,2,3,3,1,1,2,3,1,3,3,2,2,4,3,2,3,3,3,5,5,5,5,5,5,5,5,5,5,5,5,5,3,5,5,3,5,1,1,1,1,1,1,1,1,1,1,1,1,1,1,2,1,1,1,1,2,4,1,2,2,1,1,3,1,1,3,1,3,3,1,3,3,3,4,19,26,15,47,28,51,188,86,11,18,9,24,148
,43,,1,3,4,3,2,4,2,2,1,3,3,4,1,4,1,2,3,3,4,2,4,3,3,3,4,4,4,1,1,1,4,3,3,2,3,3,3,3,3,3,4,4,3,2,4,3,1,3,3,2,1,3,4,3,3,3,3,3,3,3,3,2,3,1,3,3,1,1,3,3,3,2,3,4,3,3,1,5,3,4,3,3,3,2,4,3,3,3,4,2,5,2,4,4,3,2,2,2,2,2,2,1,1,2,2,1,2,1,3,1,3,1,3,3,1,3,3,3,1,4,1,1,2,1,1,3,2,3,3,2,3,1,2,2,23,32,26,52,27,56,214,57,19,26,10,21,133
,44,,1,3,1,1,1,1,1,1,1,1,4,1,1,1,1,1,1,1,4,5,5,2,3,3,5,3,3,1,3,3,2,3,1,1,1,3,3,3,2,4,3,5,3,4,5,2,1,3,1,1,3,3,2,3,2,3,3,1,5,3,3,1,1,1,2,1,1,4,4,3,4,3,3,4,1,3,1,4,1,5,5,5,5,3,5,5,1,5,5,3,5,3,5,5,5,5,1,1,1,1,1,1,1,1,1,1,1,1,1,1,1,1,1,1,1,1,3,1,1,1,1,1,1,1,1,1,1,1,1,1,1,1,1,3,19,32,19,40,24,53,185,76,11,14,6,11,118
,45,,1,3,1,1,1,1,1,2,1,3,3,3,1,1,1,1,2,1,5,4,3,1,2,1,3,4,1,2,1,5,5,1,1,1,1,3,1,2,3,2,2,2,3,1,3,3,1,1,3,1,3,3,1,1,1,4,3,1,4,2,1,1,1,1,1,1,3,2,2,2,4,1,1,1,1,3,3,3,5,4,5,3,4,3,5,4,5,4,5,3,3,5,3,5,4,5,4,1,2,1,4,4,3,3,2,1,4,2,4,2,2,1,1,2,2,5,3,2,1,5,3,4,5,3,2,5,4,4,2,2,4,3,1,3,18,23,15,35,21,39,154,75,29,27,22,28,181
,46,,1,1,4,3,2,2,1,3,2,2,3,2,3,4,3,3,4,2,2,4,4,4,1,3,2,4,1,2,2,3,3,4,3,4,3,2,3,4,3,2,3,2,3,2,3,4,2,3,2,3,4,1,4,3,2,3,2,1,2,1,4,2,3,1,2,2,2,1,2,3,2,1,1,2,2,2,2,2,4,3,2,4,4,5,5,2,4,3,1,4,4,2,4,5,3,4,2,1,2,3,2,1,2,3,3,1,3,1,3,3,3,2,2,1,1,2,2,1,2,3,3,4,4,4,4,4,3,4,4,2,4,3,3,4,20,24,21,56,31,39,193,63,23,23,22,31,162
,47,,1,3,5,1,1,2,1,2,1,1,1,2,1,1,1,1,1,3,1,1,4,3,2,2,2,4,1,1,1,3,3,1,1,2,2,3,3,3,1,1,1,2,3,3,3,3,1,1,3,3,3,2,3,3,3,3,3,3,3,3,3,3,3,3,3,3,3,3,3,3,3,3,1,2,2,3,2,3,4,5,3,5,5,3,5,3,5,3,4,3,4,2,3,3,2,5,2,2,2,1,1,2,1,3,1,1,1,1,2,1,1,1,2,1,1,2,1,2,1,3,5,2,5,5,3,5,1,1,4,1,3,1,1,4,20,26,15,43,21,48,174,67,17,16,23,21,144
,48,,1,2,5,2,3,2,1,1,1,2,2,3,1,3,2,1,2,2,3,3,4,1,1,1,4,2,3,1,1,3,4,3,2,2,1,3,2,2,2,2,2,4,2,2,4,2,2,3,3,2,4,2,2,4,2,3,4,3,3,2,2,3,3,1,2,1,1,1,2,3,2,3,2,2,1,1,2,1,4,5,5,4,4,3,5,4,4,3,5,4,5,2,4,5,4,3,2,5,4,1,1,1,2,4,1,1,2,1,2,1,2,1,2,2,1,2,1,2,2,4,4,2,3,1,1,5,5,1,3,2,4,4,4,3,17,28,16,43,25,42,173,73,24,19,15,31,162
,49,,1,2,2,2,3,1,2,2,1,3,3,3,3,2,3,2,2,3,3,3,4,3,3,3,3,2,3,1,2,4,4,3,3,3,3,4,3,3,2,2,3,3,3,2,3,3,2,3,3,2,1,3,3,3,3,3,2,3,4,2,3,3,3,1,3,3,1,1,3,3,3,3,3,3,2,3,3,3,5,4,5,4,4,4,5,4,5,4,5,4,5,5,5,5,5,5,2,1,2,1,1,1,1,2,2,1,3,1,2,2,2,1,1,1,1,1,2,2,1,3,4,3,4,3,3,4,2,2,3,3,3,2,3,4,21,30,21,56,24,50,204,83,17,17,20,26,163
,50,,1,3,2,2,1,4,3,1,2,2,2,3,2,4,2,2,3,2,2,4,4,1,2,2,5,1,5,2,2,4,2,5,1,2,3,2,1,3,3,2,2,3,4,2,2,2,1,1,1,1,1,1,2,2,4,5,4,1,5,2,2,2,2,1,2,2,2,1,1,1,2,1,2,2,1,4,1,4,5,3,3,5,5,5,5,4,5,3,4,2,4,2,5,5,5,5,4,1,2,3,2,2,1,2,1,4,4,1,2,2,3,1,1,1,1,2,5,2,1,4,2,2,4,1,3,5,2,4,5,3,5,1,4,5,18,27,17,44,26,45,177,75,26,22,16,34,173
,51,,1,1,3,1,1,2,2,3,1,2,4,3,3,1,3,1,1,2,3,1,3,1,3,5,5,3,5,1,1,3,5,1,1,1,1,2,1,1,2,4,2,1,3,5,4,5,1,1,2,2,4,2,3,3,5,1,2,1,3,1,1,2,1,1,2,1,3,1,1,3,4,1,1,1,2,5,1,1,3,5,4,3,5,4,5,5,3,4,5,4,3,3,5,4,3,3,1,1,2,1,1,1,1,3,2,1,3,1,2,1,2,1,1,1,2,1,1,3,1,1,2,2,3,1,1,5,1,1,4,1,5,2,1,5,13,23,17,40,23,53,170,71,17,17,10,25,140
,52,,1,3,2,3,2,1,1,1,1,1,2,3,2,5,2,1,1,1,2,4,4,1,1,1,3,4,4,1,1,5,5,1,1,1,1,4,1,4,1,2,1,4,4,2,5,3,1,1,1,1,5,4,1,4,1,1,2,1,5,4,1,1,1,1,1,1,1,1,2,1,4,1,1,1,2,4,1,2,5,5,5,3,3,5,5,3,5,4,5,3,5,4,5,5,4,3,5,1,1,1,1,1,1,1,1,1,1,1,2,1,1,1,1,1,1,1,1,1,1,5,2,1,5,1,5,5,1,1,5,2,3,1,1,5,22,27,12,31,24,45,162,77,15,13,19,24,148
,53,,1,3,4,2,1,2,2,3,1,3,3,4,3,3,3,3,2,3,3,4,3,2,2,2,3,2,3,3,3,3,3,3,3,3,3,3,3,3,3,3,4,3,3,3,4,3,3,3,3,3,3,3,1,5,1,3,4,3,3,3,3,3,3,3,3,3,2,3,3,3,3,3,3,3,2,3,3,3,5,5,5,5,5,3,5,4,5,5,5,4,5,5,4,5,3,4,2,2,1,3,1,2,1,2,1,1,2,1,2,1,2,1,1,1,1,1,3,3,2,4,3,2,3,1,2,5,1,1,5,1,4,1,2,5,23,30,23,52,33,57,221,82,18,19,15,25,159
,54,,1,3,4,1,1,2,1,2,1,3,2,5,1,4,1,1,1,1,4,5,5,1,2,3,4,5,5,1,1,4,5,1,1,1,2,3,2,3,3,1,3,4,2,2,4,2,3,3,3,3,3,3,3,3,3,3,3,3,3,3,3,3,3,3,3,3,3,3,3,3,3,3,3,4,4,3,3,5,5,5,5,4,5,2,5,5,5,5,4,5,5,5,5,5,4,5,2,2,2,3,1,1,1,2,2,1,2,1,2,1,2,1,2,2,1,1,1,1,1,5,3,1,5,1,2,3,2,2,1,2,2,1,5,3,27,36,20,50,22,56,213,84,19,16,17,21,157
,55,,1,3,4,1,1,3,2,1,1,1,3,3,1,2,2,3,2,3,2,3,4,1,2,2,4,3,3,2,2,2,3,3,2,1,2,4,2,2,2,1,1,1,1,1,4,3,2,2,1,1,1,3,4,1,3,5,3,5,4,3,3,1,3,1,1,1,2,1,2,1,1,1,1,3,2,3,3,3,5,4,4,3,3,4,5,4,5,4,4,4,4,5,5,4,4,5,3,1,2,2,1,2,1,3,2,1,3,1,3,2,3,1,1,1,1,1,5,2,1,1,2,1,3,2,1,5,1,1,5,2,5,1,2,4,17,26,12,47,20,46,170,76,21,22,10,26,155
,56,,1,1,5,1,1,1,1,1,1,1,1,1,1,1,1,1,1,3,2,2,3,1,1,1,2,1,2,1,1,3,1,4,1,1,1,1,1,1,1,1,1,1,4,1,1,1,1,2,1,1,1,1,1,1,1,5,1,1,2,1,1,1,1,1,1,1,1,1,1,1,1,1,1,1,1,1,1,1,5,4,5,3,2,4,5,4,5,4,5,4,4,4,3,5,5,3,1,1,1,2,1,1,1,3,2,1,2,1,2,3,2,1,1,1,1,5,4,1,1,5,3,2,5,5,2,5,1,1,5,1,3,1,1,5,10,15,8,27,15,27,103,74,16,23,22,23,158
,57,,1,3,4,2,3,3,1,3,2,3,3,3,2,3,3,2,3,3,4,4,3,3,3,3,4,3,3,2,2,3,4,3,3,3,3,3,3,3,1,1,4,3,3,1,4,3,3,3,1,3,3,3,3,4,3,3,3,2,3,3,3,2,2,1,2,2,1,2,1,3,3,3,2,4,3,3,3,4,5,3,4,3,2,3,5,3,5,2,5,1,4,1,2,5,3,2,3,1,3,2,1,2,1,3,2,1,1,1,4,3,3,3,1,1,2,1,2,3,2,4,3,4,3,3,3,2,3,3,4,3,2,1,2,1,21,31,24,51,30,53,212,58,20,26,20,21,145
,58,,1,1,1,1,1,1,1,1,1,2,4,2,5,2,4,1,1,1,1,1,1,1,1,1,5,1,1,1,1,4,1,3,1,2,2,3,2,3,1,1,1,1,5,1,3,3,1,1,1,1,1,1,1,1,1,2,2,1,3,1,1,1,3,1,1,1,2,1,1,1,1,1,1,2,1,1,1,1,5,5,4,5,4,1,5,4,4,4,4,4,1,4,5,5,4,2,1,1,1,1,1,1,1,1,1,1,1,1,2,1,1,1,1,1,1,1,1,1,1,4,4,2,5,2,2,5,2,3,5,1,2,1,1,1,13,19,12,32,21,25,122,70,11,13,19,21,134
,59,,1,3,2,1,3,2,2,2,1,3,3,3,2,3,2,1,2,3,4,3,2,3,2,3,5,1,3,1,1,5,4,4,1,1,2,3,3,1,1,1,3,3,3,4,5,1,1,3,2,3,3,3,1,5,1,2,4,3,3,4,2,1,1,1,2,2,2,3,3,1,2,3,3,3,3,3,1,2,4,5,5,4,4,4,5,5,5,4,3,4,4,2,4,5,5,4,1,1,2,1,1,1,1,2,2,2,2,1,2,2,2,1,1,1,1,2,3,2,1,4,2,2,4,3,2,5,2,2,4,2,5,1,1,2,21,27,21,42,23,54,187,76,16,19,17,24,152
,60,,1,3,1,1,2,1,2,1,1,3,3,3,3,3,3,2,3,2,3,3,4,2,3,2,5,4,3,3,3,5,3,3,1,2,1,3,3,3,3,1,3,3,3,3,3,2,1,2,2,2,3,3,3,3,1,3,3,3,2,1,3,2,2,1,2,2,1,1,3,3,2,3,2,3,3,4,1,1,5,1,5,5,4,4,5,4,5,4,5,4,4,5,4,5,4,5,1,3,1,1,1,1,1,4,1,1,4,1,5,1,3,1,1,2,2,3,3,2,2,3,4,4,2,2,4,3,4,1,5,2,5,1,2,4,23,31,18,48,26,43,188,78,19,26,19,27,169
,61,,1,2,2,2,2,2,1,1,1,1,2,1,1,4,1,2,2,2,3,4,3,1,1,1,5,3,4,2,2,3,5,1,1,1,1,5,1,1,1,5,5,4,1,1,3,2,1,2,1,1,5,1,1,4,1,2,5,1,5,5,1,1,1,1,1,1,1,1,1,1,5,1,1,1,1,1,1,5,5,3,4,3,3,3,5,5,5,4,4,4,5,5,5,5,5,5,2,1,2,1,1,1,1,2,1,1,3,2,4,2,2,2,2,1,1,5,3,1,1,5,1,1,5,5,4,5,1,4,3,1,3,1,3,5,20,22,17,29,27,44,160,78,16,26,21,26,167
,62,,1,2,3,2,2,3,3,3,1,3,3,2,1,4,3,2,3,3,2,4,3,2,2,3,3,5,4,3,3,2,3,3,2,2,3,4,3,3,3,2,2,2,4,2,2,3,3,3,3,3,3,3,3,3,3,3,3,3,3,3,3,3,3,3,3,3,3,3,3,3,3,3,3,3,3,3,3,3,5,5,4,4,4,3,4,5,5,5,4,4,5,4,5,4,3,4,2,1,2,2,1,1,1,1,1,1,4,1,3,2,4,1,1,1,1,2,4,1,1,4,4,4,4,5,4,4,1,1,4,4,4,1,1,5,26,28,21,53,32,55,218,77,17,22,25,25,166
,63,,1,3,3,1,1,2,1,1,1,1,1,1,2,1,1,1,2,2,2,3,4,1,1,1,4,1,2,1,1,4,4,1,1,1,1,5,1,1,1,2,4,5,1,1,4,3,1,1,2,1,4,1,1,5,1,2,2,1,4,2,1,1,2,1,1,1,1,1,1,1,2,1,1,1,2,2,1,4,5,4,4,5,5,1,5,5,4,4,5,4,5,4,5,5,4,5,1,3,2,2,1,1,3,3,2,1,1,1,5,2,2,3,3,3,1,4,5,1,1,3,2,1,2,3,5,5,1,1,5,1,5,1,1,1,13,22,16,29,18,40,139,79,20,31,16,21,167
,64,,1,2,1,1,1,1,1,1,1,1,3,3,1,1,1,1,2,1,5,1,1,1,1,1,5,5,1,1,1,5,5,1,1,1,1,5,1,1,1,5,1,5,1,1,5,1,1,1,1,1,5,5,1,1,5,5,3,1,5,5,1,1,1,1,1,2,1,1,1,1,5,1,1,1,2,1,1,1,5,5,5,3,5,5,4,5,5,4,5,4,5,4,4,5,5,4,1,1,1,1,1,1,1,1,1,1,1,1,3,1,2,1,1,1,1,1,3,1,1,3,2,3,5,5,1,5,1,1,5,1,5,1,1,3,21,22,14,27,23,43,151,82,11,17,19,23,152
,65,,1,2,3,2,1,2,2,2,2,3,3,2,3,3,2,2,2,2,4,3,3,2,2,2,4,2,3,1,1,4,4,2,2,2,3,3,3,2,2,3,2,2,2,2,4,4,2,2,2,2,1,2,2,3,5,5,2,2,4,1,3,1,5,1,2,2,1,2,2,1,2,1,1,1,5,1,3,1,4,5,5,5,3,3,5,4,4,4,5,4,5,4,4,5,4,5,2,1,1,1,1,1,1,1,1,1,2,1,2,1,2,1,1,1,1,1,2,1,1,5,2,1,2,1,1,2,2,1,2,1,1,1,1,2,16,26,18,50,21,46,181,78,13,15,12,13,131
,66,,1,3,4,2,1,2,2,2,1,1,1,4,1,2,2,1,2,2,2,1,4,2,2,1,4,2,2,2,2,3,4,2,2,2,2,3,2,2,2,2,1,1,5,3,3,2,2,2,2,2,3,2,2,1,3,3,2,2,3,3,2,1,3,2,2,2,2,1,2,2,5,3,3,3,2,3,2,1,4,3,4,4,3,4,3,3,4,3,4,3,4,3,4,4,3,3,2,1,2,2,2,2,1,1,2,1,3,2,2,2,2,1,1,2,1,2,2,4,2,3,2,2,4,3,3,5,2,1,4,2,3,2,1,4,19,29,12,37,28,45,171,63,19,23,17,24,146
,67,,1,3,3,3,3,3,3,3,3,3,3,3,3,3,3,2,2,2,4,4,4,2,2,2,4,2,4,2,2,4,4,2,2,2,2,4,2,2,2,4,4,4,2,4,4,2,2,2,2,2,4,2,2,4,2,2,4,2,4,3,2,2,2,2,2,2,2,2,2,2,4,2,2,2,2,2,2,4,4,4,4,5,3,3,4,2,4,2,2,2,2,1,4,3,3,3,3,3,3,3,3,3,3,3,3,3,2,3,2,3,4,2,4,3,4,2,4,3,2,4,2,3,3,3,3,3,3,3,3,3,3,3,3,3,20,28,24,44,33,56,207,55,32,36,18,27,168
,68,,1,3,3,1,2,3,3,1,1,3,3,2,3,3,3,1,3,2,5,3,4,2,3,3,3,4,4,3,3,3,3,3,3,3,2,3,3,3,4,5,3,3,3,3,3,3,3,3,3,3,3,3,3,3,3,3,3,3,3,3,3,3,3,3,3,3,3,3,3,3,3,3,3,3,3,3,3,3,5,3,3,5,4,3,5,5,5,5,5,3,5,5,3,5,3,5,1,1,1,2,1,1,1,1,1,1,1,1,5,1,2,1,2,1,1,1,3,2,1,4,2,1,2,1,1,5,1,1,2,1,5,1,3,2,25,30,21,56,34,57,226,77,12,21,11,21,142
,69,,1,3,1,2,3,2,3,2,1,3,3,3,2,3,2,1,2,2,4,3,5,3,1,3,4,3,3,3,1,5,5,1,1,1,1,3,3,2,1,3,5,4,2,4,5,1,1,1,3,3,3,3,4,3,1,1,3,1,4,3,1,1,2,1,3,3,3,1,1,2,5,4,5,1,1,1,2,3,5,4,5,5,5,5,5,5,5,3,5,3,5,3,4,5,5,3,1,1,1,1,1,1,2,1,1,1,2,3,4,1,3,3,1,1,1,1,5,5,1,5,3,1,3,3,2,5,3,1,3,3,1,1,5,3,22,29,25,36,24,54,192,80,13,29,17,25,164
,70,,1,3,3,1,1,2,3,2,1,3,1,3,5,3,4,2,1,2,4,5,3,1,2,3,5,1,3,3,2,4,3,4,3,3,3,3,4,3,2,3,3,3,3,3,3,3,2,2,1,2,4,3,3,1,4,2,4,1,3,1,3,1,3,1,3,1,1,1,2,2,2,1,3,4,2,2,1,1,4,5,5,4,5,5,5,5,4,5,5,4,5,4,5,5,5,4,2,5,1,4,4,2,1,3,3,1,1,1,1,1,4,1,1,1,1,1,2,1,1,5,4,1,5,1,1,5,4,1,5,1,1,4,1,1,17,27,18,51,32,48,192,84,27,16,17,23,167
,71,,1,5,1,3,4,1,3,2,1,3,1,4,2,5,1,2,3,3,3,3,3,3,3,3,4,4,3,3,3,3,3,3,3,3,3,3,3,3,3,3,3,3,3,3,3,3,3,3,3,3,3,3,3,3,3,3,3,3,3,3,3,3,3,3,3,3,3,3,3,3,3,3,3,3,3,3,3,3,4,3,4,5,5,3,5,5,4,4,5,3,5,4,5,5,5,5,1,1,2,1,1,1,1,2,1,1,1,1,3,2,1,1,1,1,1,2,3,1,1,1,1,1,2,1,1,5,1,1,5,2,5,1,4,5,27,34,19,57,32,54,226,79,13,18,7,29,146
,72,,1,3,3,2,2,1,2,3,1,1,2,3,3,3,2,1,2,1,5,4,3,3,2,3,2,2,3,1,3,3,3,3,1,1,3,3,2,3,2,2,5,4,3,3,5,3,3,3,2,3,3,3,3,3,2,3,4,3,3,3,3,3,3,3,3,3,3,3,3,3,3,3,3,3,3,3,3,3,5,5,2,2,2,2,2,2,2,4,2,2,2,5,5,5,4,3,2,1,3,2,1,1,1,1,2,1,2,1,3,3,1,1,1,1,1,1,3,1,1,1,2,2,2,1,2,3,1,4,3,1,3,1,4,5,22,29,22,53,27,54,210,56,17,18,10,25,126
,73,,1,3,3,2,1,2,2,2,2,2,2,3,4,3,3,2,2,2,3,2,3,2,2,2,4,2,4,3,3,3,3,3,3,3,3,3,3,3,3,3,3,3,3,3,3,3,3,3,3,3,3,3,3,3,3,3,3,3,3,3,3,3,3,3,3,3,3,3,3,3,3,3,3,2,3,3,1,3,4,5,4,3,3,2,5,3,4,4,5,3,5,4,3,4,2,4,2,1,1,1,2,1,1,3,1,1,2,1,2,1,1,1,1,1,1,2,2,1,2,1,1,2,2,1,3,3,4,3,3,1,5,3,1,3,22,31,19,53,32,55,214,67,16,16,10,26,135
,74,,1,3,3,3,3,3,3,3,3,3,3,3,3,3,3,5,5,5,1,1,1,5,5,5,1,5,1,5,5,5,3,5,1,5,4,3,3,3,3,3,3,3,3,3,3,2,3,2,2,3,4,5,1,1,1,5,5,3,5,1,3,2,1,1,2,3,3,2,3,2,4,2,3,3,3,1,4,2,5,5,5,4,3,2,5,5,5,3,5,4,4,2,2,3,3,4,2,2,2,3,2,2,3,3,5,5,2,2,2,2,2,2,2,2,2,2,2,2,2,2,2,2,2,2,2,2,2,2,2,2,2,2,2,2,27,25,25,60,39,52,232,69,31,24,12,18,154
,75,,1,2,3,1,2,1,1,1,1,1,1,3,2,2,2,1,1,1,3,2,2,1,1,1,5,3,2,1,1,3,2,2,2,2,2,2,3,3,1,2,1,1,5,1,3,2,1,1,1,1,1,3,1,1,3,4,1,5,2,1,1,1,2,2,1,1,1,1,2,2,3,3,3,3,3,5,3,1,5,4,5,5,2,5,5,5,5,4,5,4,5,4,5,4,4,4,2,1,1,1,1,1,1,1,1,1,2,1,1,1,1,1,1,1,1,1,1,1,1,4,3,1,5,3,2,5,1,1,5,1,1,5,1,4,15,26,8,36,22,41,149,80,13,12,18,24,147
,76,,1,3,2,1,5,4,5,2,3,5,3,5,4,1,1,3,5,3,4,3,3,3,3,5,3,5,3,1,5,1,3,2,2,4,1,5,4,3,3,5,3,2,3,2,5,5,3,3,3,5,3,5,4,5,3,3,3,3,3,5,3,3,1,2,3,5,1,3,5,3,5,3,1,1,3,3,1,3,3,5,5,3,2,4,5,5,2,5,5,5,5,3,5,5,5,1,1,2,1,2,1,1,1,1,1,1,2,1,5,1,3,1,1,2,2,5,4,2,2,1,3,1,5,1,3,5,5,5,4,4,5,5,5,4,26,32,25,65,30,65,246,73,14,29,14,42,172
,77,,1,1,2,1,2,2,4,1,1,2,2,4,4,5,1,1,1,3,5,4,5,1,2,2,5,2,4,2,2,4,4,2,1,1,1,3,3,3,1,3,1,1,1,1,5,1,1,1,3,4,5,1,1,2,1,1,1,3,5,1,2,1,1,1,2,1,1,1,1,1,2,2,1,5,1,1,1,3,5,4,5,5,5,4,5,4,5,1,5,4,4,4,5,5,4,5,3,3,4,1,1,2,1,2,1,1,1,1,3,1,3,1,2,2,1,1,5,2,1,2,2,1,1,1,2,5,1,1,5,5,5,1,5,5,23,28,12,38,23,44,165,79,20,23,9,33,164
,78,,1,3,1,2,1,2,1,1,1,1,3,4,1,2,4,1,3,1,3,3,2,1,1,2,4,4,3,1,2,4,4,3,1,1,1,4,1,3,1,2,2,1,4,1,4,2,1,1,2,1,3,3,1,3,3,4,3,2,4,2,2,2,3,1,2,3,2,1,2,1,4,2,1,2,3,2,1,3,5,4,4,5,5,4,5,4,4,4,5,3,4,4,5,5,4,5,1,1,3,2,2,1,1,3,2,1,1,1,5,2,2,3,3,3,1,4,5,1,1,3,2,1,2,3,5,5,1,1,5,1,5,1,1,1,21,27,13,37,27,42,167,79,18,31,16,21,165
,79,,1,5,2,2,4,3,1,3,3,2,3,3,3,5,5,1,3,3,5,5,3,3,5,5,1,5,5,1,1,1,5,3,1,1,1,4,3,3,1,5,3,5,2,3,5,3,3,3,3,3,3,1,3,4,3,3,5,1,3,3,2,2,4,3,2,4,2,3,2,3,4,3,3,3,3,3,3,3,5,4,5,5,5,5,5,5,5,5,5,5,5,5,5,5,5,4,1,2,1,1,1,1,1,2,2,2,2,2,2,2,2,1,2,2,2,2,1,2,2,3,3,2,5,5,5,1,1,1,1,2,2,5,5,2,25,30,24,56,36,58,232,88,16,22,23,20,169
,80,,1,1,1,2,1,1,1,2,1,2,2,4,1,5,1,1,1,2,2,5,5,2,2,1,5,4,5,1,3,5,4,2,1,1,1,3,1,2,1,1,3,3,3,2,3,3,3,3,3,3,3,3,3,3,3,3,3,3,3,3,3,3,3,3,3,3,3,3,3,3,3,3,3,1,3,3,3,3,4,4,5,5,3,3,5,3,4,3,5,3,5,3,5,5,3,5,1,1,1,1,1,1,1,1,1,1,3,1,2,1,1,1,1,1,1,1,1,2,1,5,3,1,5,1,1,5,1,3,3,3,2,1,1,5,27,32,18,46,21,48,197,73,13,14,16,24,140
,81,,2,2,1,1,2,1,1,2,1,2,2,4,3,3,2,2,2,1,3,4,5,1,1,1,5,1,3,1,1,2,5,2,1,2,1,5,1,2,3,5,3,5,2,5,2,5,4,1,1,1,3,1,1,4,1,3,5,3,3,4,2,3,2,1,1,1,2,1,2,3,2,2,4,2,4,2,1,3,3,5,3,5,5,3,5,3,4,5,5,3,5,3,3,5,5,3,1,1,1,1,1,1,1,2,1,1,3,1,1,1,1,1,1,1,1,1,5,1,1,3,3,2,3,2,3,3,1,3,1,3,5,2,1,3,15,31,17,46,26,44,182,73,14,16,16,22,141
,82,,2,1,1,1,1,1,1,2,1,1,2,5,1,1,5,1,1,1,1,1,5,1,1,1,5,5,1,1,1,1,5,1,1,1,1,1,1,1,1,3,1,1,1,1,5,1,1,1,1,2,1,1,1,3,5,5,3,5,5,5,1,1,1,1,1,2,1,1,5,2,1,1,1,1,3,3,1,2,4,5,5,4,5,1,5,5,5,3,5,1,5,5,5,5,3,5,1,1,1,1,1,1,1,1,1,1,2,1,1,1,1,1,1,1,1,1,5,1,1,5,5,5,5,2,5,5,1,1,5,1,5,1,1,5,17,29,10,36,20,32,145,76,12,16,27,25,156
,83,,2,2,1,1,2,2,1,2,2,1,2,1,2,2,2,1,1,2,3,2,4,1,1,1,4,1,2,1,1,2,5,1,1,1,1,2,4,4,1,2,2,2,1,2,5,1,1,1,2,1,5,1,1,3,4,4,5,1,5,1,1,1,1,2,2,2,2,1,1,2,2,2,4,2,1,1,1,5,1,3,3,4,2,3,4,3,1,4,5,5,4,5,3,5,1,5,1,1,1,1,1,1,1,1,1,2,1,1,3,1,1,1,1,3,1,1,2,1,1,2,1,1,2,1,3,3,1,1,2,1,4,3,2,5,13,26,14,29,25,46,153,61,12,17,10,22,122
,84,,2,3,3,2,1,1,2,2,1,1,2,2,1,3,3,2,2,3,2,2,3,2,4,2,4,2,3,2,2,4,3,3,4,3,2,4,3,3,1,1,2,1,4,1,4,3,2,3,2,2,3,3,3,2,4,4,1,1,4,2,2,1,1,1,2,3,2,1,2,2,1,2,2,3,2,3,2,4,4,2,3,2,2,3,3,2,4,3,3,3,5,3,4,4,4,4,3,4,2,2,3,3,3,3,3,2,2,2,2,1,2,1,2,3,2,2,3,4,5,4,3,3,4,2,3,4,1,1,5,3,4,1,1,4,21,28,13,41,27,49,180,58,30,29,19,24,160
,85,,2,3,1,2,1,2,1,3,2,5,2,3,2,2,1,1,3,5,1,2,3,2,2,2,5,1,3,1,1,4,4,1,1,2,2,4,2,3,1,4,3,2,5,2,4,1,2,3,4,5,3,3,1,4,3,4,1,1,4,1,1,2,3,4,5,1,2,3,4,5,5,3,1,5,5,2,1,1,5,3,5,4,1,4,5,3,2,3,5,5,5,3,3,5,2,5,1,1,1,1,1,1,1,1,1,1,2,1,3,1,2,1,2,1,1,1,2,5,1,2,1,2,2,5,3,5,2,1,5,1,5,1,1,5,19,37,24,41,32,48,199,68,12,21,15,26,142
,86,,2,3,2,4,2,2,1,2,3,4,2,2,5,4,5,1,3,2,2,3,5,2,2,2,4,2,4,3,1,4,4,3,3,2,1,5,2,2,2,3,5,3,2,2,4,3,1,1,2,1,2,2,2,1,2,5,4,1,4,5,1,5,4,1,1,3,1,1,3,2,5,1,1,4,2,3,2,3,5,3,2,5,2,2,4,3,4,3,5,3,5,2,3,5,4,5,4,4,2,3,4,4,2,4,4,1,2,1,4,4,5,5,1,3,1,2,1,2,4,4,3,4,3,4,1,2,4,2,1,2,2,1,1,4,25,26,21,51,37,44,203,65,34,33,19,19,170
,87,,2,3,3,1,1,1,2,2,1,2,2,3,2,5,3,2,2,3,2,3,3,1,2,2,5,4,2,1,2,3,4,2,1,1,1,3,3,3,2,2,2,2,3,2,5,3,2,3,2,2,4,3,2,2,1,3,2,2,3,3,2,1,2,1,4,2,1,1,2,1,2,3,1,1,3,2,1,2,5,4,3,4,3,4,5,4,4,3,5,4,5,1,5,5,2,4,1,1,4,3,2,1,1,3,2,1,3,1,2,1,2,1,2,1,1,2,2,2,1,2,2,1,3,1,1,4,1,1,4,1,2,1,2,4,22,30,16,39,22,42,173,70,22,18,10,20,140
,88,,2,3,3,1,2,2,4,1,2,3,4,3,4,5,3,1,2,1,4,3,4,3,2,3,4,3,4,1,2,5,4,1,2,4,3,4,1,4,3,4,4,3,2,3,2,2,1,2,2,1,4,1,2,3,2,3,4,4,5,3,1,2,3,4,3,2,1,1,1,2,4,2,3,1,2,2,3,2,5,3,3,4,3,1,5,3,5,5,4,5,3,4,5,5,1,4,1,1,1,1,1,1,1,1,1,1,1,1,1,1,1,1,1,1,1,1,1,1,1,3,1,1,1,1,1,2,1,1,5,4,5,1,1,5,23,31,23,48,30,46,204,68,11,12,8,25,124
,89,,2,2,3,3,2,2,4,1,4,2,4,2,4,4,3,4,2,3,4,4,3,3,2,3,3,1,2,3,2,5,3,2,4,2,2,1,2,4,3,2,5,2,2,2,5,2,4,2,4,2,3,3,2,2,2,4,4,3,4,2,1,4,2,4,2,3,4,2,4,2,3,2,4,2,4,4,2,2,5,3,4,4,1,5,5,1,5,1,5,3,5,3,4,5,1,5,1,1,1,1,1,1,1,1,1,1,4,5,4,5,5,5,5,5,5,5,5,5,5,4,5,5,5,5,5,5,1,1,5,2,5,1,1,5,23,28,21,51,36,56,219,65,14,59,29,26,193
,90,,2,2,3,1,1,1,1,1,1,3,2,2,3,1,1,1,1,1,2,1,2,1,1,1,5,1,5,1,1,5,5,1,1,1,1,4,1,2,1,4,4,5,2,5,4,2,1,1,1,1,1,2,1,2,1,3,5,2,5,4,1,2,1,2,1,3,1,3,1,3,5,3,1,1,2,1,2,3,5,5,5,5,3,4,5,5,5,4,5,4,5,4,3,5,5,4,1,1,1,1,1,1,1,1,1,1,1,1,1,1,1,1,1,1,1,1,1,1,1,5,3,2,3,1,1,5,1,2,5,1,4,1,1,5,17,27,18,30,21,46,161,81,11,12,15,25,144
,91,,2,1,3,2,2,2,2,2,2,3,2,3,4,3,4,2,3,2,4,5,4,3,2,3,5,4,4,2,3,5,2,1,1,1,3,5,3,1,5,5,3,3,1,3,5,1,3,1,3,1,5,3,1,5,1,3,5,3,5,1,1,1,1,3,4,1,3,1,1,1,3,2,3,1,2,3,1,5,5,3,2,4,1,5,5,2,5,3,3,2,5,5,4,5,3,5,1,3,1,5,1,1,1,5,1,1,4,5,5,5,5,5,5,5,5,5,5,5,5,4,5,5,5,5,5,5,1,1,5,1,5,1,1,5,21,25,22,41,34,60,206,67,24,60,29,25,205
,92,,2,3,3,3,4,2,1,2,2,1,2,1,4,4,1,1,2,2,5,4,4,1,2,1,5,2,5,4,4,5,4,1,2,1,2,5,2,2,3,2,4,4,3,5,4,1,2,3,3,2,3,1,2,5,2,1,4,1,4,5,1,2,1,4,2,2,3,1,1,2,4,1,4,2,3,2,2,3,3,5,5,4,5,2,5,5,3,3,5,5,5,2,5,5,4,5,1,1,3,3,4,2,1,3,2,1,2,2,3,3,4,5,2,5,4,4,3,4,3,5,5,3,5,2,2,5,1,2,5,2,1,1,1,5,27,28,18,38,32,58,203,76,23,42,22,23,186
,93,,2,1,1,1,1,4,2,1,1,1,1,1,1,1,1,1,1,2,1,2,1,1,1,1,4,4,1,1,1,4,3,2,1,1,1,5,1,1,3,1,1,1,3,1,2,5,1,2,1,1,1,3,1,3,3,3,1,3,2,5,2,2,3,1,2,1,3,2,3,2,1,1,3,5,3,2,1,4,5,3,2,4,4,5,5,4,5,3,5,1,5,5,4,5,4,5,1,2,1,1,2,2,1,3,1,1,5,1,1,1,1,1,1,1,1,1,1,1,1,5,2,1,5,5,3,5,1,1,5,3,5,1,1,5,22,18,12,39,18,41,147,74,20,12,21,27,154
,94,,2,1,4,1,1,2,3,2,1,1,5,3,1,2,5,1,1,3,4,1,3,3,2,2,1,1,3,1,3,5,2,3,2,4,1,3,1,3,5,5,5,5,1,5,3,3,3,3,2,1,2,2,1,5,1,3,2,2,5,4,1,3,2,2,3,2,1,4,1,4,5,2,1,3,4,1,4,4,5,4,4,5,4,3,5,3,4,5,5,5,5,4,5,5,5,4,1,2,3,1,2,1,1,2,2,1,2,2,3,1,2,1,1,1,1,2,4,1,2,5,4,3,3,1,2,3,4,1,5,2,3,4,1,5,22,29,26,39,26,54,200,80,18,21,18,28,165
,95,,2,1,1,1,2,2,3,2,1,2,2,3,2,3,1,2,1,3,3,3,4,3,2,4,5,2,5,3,1,4,5,3,5,5,2,3,3,3,5,5,1,3,1,3,5,1,5,5,4,5,1,4,3,4,1,5,1,4,2,4,1,3,2,3,2,1,2,1,2,1,2,3,1,1,3,3,2,4,5,3,5,4,4,2,5,5,5,4,5,4,5,3,5,5,4,4,2,1,1,1,1,2,1,2,2,1,3,1,2,1,2,1,2,1,1,1,2,1,2,3,2,3,3,2,1,5,1,2,5,2,5,3,1,2,20,30,17,59,24,53,209,77,17,17,14,26,151
,96,,2,1,1,1,1,1,1,2,1,2,1,3,2,3,3,1,2,4,5,4,4,2,1,1,4,4,1,1,1,1,1,1,1,1,1,5,1,1,1,1,5,1,5,3,3,1,1,1,2,1,4,1,1,3,2,5,3,1,5,5,1,3,3,3,1,1,1,1,1,2,4,3,3,3,2,1,1,4,3,5,3,4,3,4,5,5,5,4,5,3,5,4,4,5,3,3,1,1,1,1,4,2,1,1,1,2,2,1,2,1,2,1,2,1,1,1,1,2,1,5,2,2,5,5,5,3,1,1,5,4,5,2,1,5,20,26,15,31,28,45,164,73,17,16,24,27,157
,97,,2,3,4,1,1,2,1,2,1,2,3,2,2,3,2,3,3,2,2,3,2,3,3,3,3,3,3,1,1,2,3,3,1,2,3,3,2,3,2,1,3,1,3,1,3,3,1,2,1,1,5,3,3,1,1,3,1,3,1,3,2,1,5,1,3,1,1,1,1,1,1,1,3,3,4,3,2,3,3,4,4,5,4,3,5,4,3,3,4,4,5,2,5,5,2,4,1,1,1,1,1,1,1,1,1,1,2,1,1,1,1,1,1,1,1,1,1,1,1,1,1,1,1,2,1,5,1,1,4,1,4,1,1,4,17,22,19,47,23,41,169,69,12,12,7,22,122
,98,,2,4,2,2,1,3,1,2,1,3,2,1,1,4,2,1,3,1,2,3,5,3,3,1,5,2,5,1,1,3,4,3,1,3,1,3,3,2,3,5,5,3,1,1,1,1,1,2,1,1,5,1,2,5,3,5,1,3,5,5,2,1,5,1,3,1,1,1,3,3,1,1,1,5,2,3,1,5,4,4,3,3,2,2,5,3,3,4,3,4,5,3,5,5,2,4,2,1,2,2,2,3,1,4,2,1,5,1,2,2,3,1,1,1,1,2,1,1,1,5,2,1,5,2,1,2,1,2,5,4,4,2,2,4,22,30,24,46,28,41,188,64,25,17,16,26,148
,99,,2,1,2,1,1,1,1,1,1,2,1,1,2,2,5,1,1,1,2,2,5,1,1,1,5,4,2,1,1,2,2,1,1,1,1,5,1,4,1,2,2,2,4,2,5,1,1,1,1,1,5,1,1,2,4,1,2,1,5,1,1,1,1,1,1,1,1,1,1,4,5,1,1,1,1,1,1,2,5,5,4,5,4,5,3,3,5,5,5,3,5,4,5,5,5,5,1,1,1,1,1,1,1,1,1,1,4,1,1,3,2,3,1,1,1,3,5,1,4,3,1,1,5,1,5,5,1,1,5,1,4,2,1,5,13,28,11,22,25,40,140,81,14,26,16,25,162
,100,,2,3,1,4,2,3,2,2,1,1,2,3,3,3,3,1,3,3,1,1,3,3,2,3,3,2,1,3,3,2,5,3,2,1,1,1,3,3,5,1,1,1,3,1,3,3,1,3,1,1,3,2,3,1,3,5,1,3,1,3,1,1,2,1,3,3,1,1,3,3,1,3,3,3,4,3,1,3,4,3,4,3,4,4,5,4,4,2,4,4,5,4,5,5,5,5,1,1,2,1,1,1,2,4,1,1,2,1,3,2,2,1,1,1,1,1,2,1,1,3,1,1,5,1,1,5,1,1,5,2,4,4,2,4,20,29,16,48,28,35,175,74,17,17,12,28,148
,101,,2,2,4,3,3,5,4,4,5,3,4,5,5,1,3,2,3,2,1,3,1,2,5,3,2,2,1,2,5,3,1,3,4,2,4,4,2,3,5,3,3,4,4,3,1,3,5,3,5,2,3,3,4,4,1,5,4,2,1,3,1,5,3,4,2,4,3,4,1,3,4,4,5,1,4,3,2,5,3,1,5,3,2,4,5,5,3,5,2,4,5,3,1,5,3,5,1,4,1,2,3,2,2,1,1,5,5,2,1,1,1,1,1,1,1,1,1,1,1,1,1,1,4,3,2,5,1,1,5,3,5,1,1,5,24,28,27,60,39,56,240,64,27,13,12,27,143
,102,,2,5,4,3,2,1,2,3,4,5,5,4,3,4,5,1,1,2,3,2,2,5,5,4,3,2,5,1,3,1,2,3,2,2,1,4,3,5,4,3,4,4,2,1,1,3,2,1,2,3,4,1,2,1,3,2,2,2,2,5,5,2,4,1,2,4,3,2,4,3,1,5,5,4,4,4,1,1,4,5,4,5,5,3,5,4,4,5,5,5,5,2,4,5,5,5,2,5,1,5,2,3,4,2,1,1,2,2,2,1,2,2,2,2,1,1,2,2,1,2,5,1,1,1,2,2,3,2,2,1,1,1,1,2,25,34,29,55,32,47,221,80,28,20,12,15,155
,103,,2,1,2,4,5,4,2,1,2,2,3,4,3,4,5,4,3,2,3,5,4,1,3,1,3,1,4,1,1,5,4,1,2,1,2,5,2,1,2,3,2,1,4,4,5,1,2,1,1,1,5,1,2,5,1,1,5,1,5,1,1,1,1,1,1,1,1,1,5,5,1,5,5,5,4,1,1,1,3,5,5,3,3,3,5,5,5,5,5,2,5,4,5,5,3,5,1,1,2,1,1,3,1,2,1,2,1,1,1,1,2,2,1,1,1,1,2,1,1,1,1,1,1,2,3,5,3,2,3,4,2,4,2,4,19,33,15,41,40,50,196,76,16,15,9,29,145
,104,,2,3,4,2,2,3,2,2,3,2,4,3,4,4,3,2,2,1,3,4,4,3,3,2,4,3,2,3,4,2,3,3,2,1,2,3,3,3,4,2,2,3,2,4,4,3,3,3,3,3,3,4,3,4,2,3,3,3,2,1,2,4,4,4,2,4,3,4,4,4,3,4,4,4,4,4,2,2,5,3,5,5,5,4,5,4,5,5,3,5,5,5,5,5,5,2,1,1,1,1,1,1,1,1,1,1,5,1,1,1,1,1,1,1,1,1,1,1,1,5,5,5,5,5,5,5,1,1,5,1,5,1,1,1,25,34,21,57,33,58,229,81,15,12,30,21,159
,105,,2,1,3,3,2,2,5,2,1,4,1,1,5,5,5,2,3,5,5,4,3,4,5,1,4,1,4,2,1,5,4,1,2,3,3,4,3,4,4,1,1,3,3,5,5,1,3,2,1,5,3,3,2,3,3,1,4,2,1,5,3,4,2,4,3,4,1,1,2,4,4,4,4,4,2,4,3,5,4,5,5,4,5,5,5,5,5,5,5,4,5,5,4,1,1,1,1,2,3,1,2,3,5,3,2,3,5,5,5,2,3,1,3,1,2,3,2,5,5,4,5,4,2,3,4,2,2,4,5,1,5,2,3,2,26,26,20,54,35,69,232,74,30,37,22,26,189
,106,,2,3,2,1,1,3,1,2,1,2,2,3,5,4,2,1,2,1,3,2,3,3,1,1,5,2,4,1,1,2,4,2,2,2,4,2,4,3,2,2,2,4,2,2,4,3,1,2,1,1,1,4,1,5,3,2,3,3,2,2,1,1,1,1,2,5,3,1,2,1,2,1,1,3,1,5,1,3,5,4,5,4,1,4,5,5,5,4,5,5,5,5,5,5,5,4,1,1,1,1,1,1,1,2,1,1,5,1,4,1,4,1,1,1,1,1,5,1,1,5,4,1,5,5,2,2,5,4,2,5,2,2,3,2,20,24,20,39,21,51,174,81,16,22,22,27,168
,107,,2,4,3,2,2,3,2,2,1,3,2,3,4,5,2,2,3,3,3,4,3,3,3,3,3,3,3,1,1,2,3,2,2,4,5,1,2,4,2,4,4,2,3,2,2,4,1,5,1,1,2,2,4,1,5,4,2,2,4,3,3,2,2,1,3,3,2,3,3,2,4,2,2,3,2,3,2,3,5,5,5,5,5,5,5,4,4,4,5,4,5,3,5,5,3,4,4,2,2,3,3,2,2,4,2,1,5,2,1,1,2,1,1,2,1,1,3,2,1,4,4,2,2,1,1,4,1,3,4,1,3,1,5,4,21,32,22,57,26,48,206,81,30,18,14,26,169
,108,,2,3,3,2,1,2,2,3,1,3,1,4,2,2,2,1,2,4,5,3,5,2,2,3,4,4,5,1,3,5,2,2,3,2,5,4,2,3,2,3,4,4,1,3,1,3,2,5,2,3,5,5,3,1,1,3,5,2,5,2,1,2,4,2,3,1,3,5,3,2,5,4,5,1,2,4,4,3,5,3,4,2,3,5,5,4,3,3,5,2,5,2,4,5,5,5,2,1,4,1,2,3,1,2,4,2,2,1,2,1,1,5,1,1,1,2,3,2,2,5,4,3,5,2,5,4,3,1,5,1,3,1,1,4,20,37,22,48,28,62,222,70,24,22,24,23,163
,109,,2,1,4,3,3,3,3,3,4,3,3,3,3,3,3,1,2,3,2,3,5,3,3,3,3,2,5,3,3,5,4,3,4,5,4,3,2,1,3,3,3,2,2,1,1,3,3,3,2,4,5,5,3,3,3,2,2,1,1,5,1,1,1,1,3,3,1,3,3,1,3,3,3,1,1,4,3,3,5,5,4,5,5,3,5,5,5,4,5,3,5,5,5,5,5,5,1,1,1,1,1,1,1,1,1,1,1,1,1,1,1,1,1,1,1,1,1,1,1,5,1,1,5,1,1,2,1,1,4,1,3,3,1,3,24,22,23,53,33,53,213,84,11,12,14,19,140
,110,,2,3,3,2,2,3,1,1,2,3,1,3,4,1,3,3,3,3,3,3,3,1,3,3,3,3,3,2,3,3,3,3,2,3,3,2,3,2,3,2,3,3,2,2,3,3,3,3,3,3,4,3,3,2,3,2,4,3,4,3,3,4,3,2,2,2,1,3,2,3,4,3,2,1,3,2,4,3,5,4,3,5,3,2,5,3,5,1,4,2,4,3,4,4,2,5,3,2,2,1,2,2,1,3,2,1,2,2,2,1,1,1,1,1,1,2,1,1,1,2,5,5,5,3,2,4,1,1,5,2,2,1,1,5,19,30,17,56,29,49,206,64,21,15,22,22,144
,111,,2,3,2,1,4,2,3,2,1,2,2,2,3,2,3,4,4,2,2,4,3,3,2,2,4,3,3,3,2,4,4,1,1,3,2,3,3,1,2,1,3,1,1,3,2,3,1,2,5,3,4,1,1,3,3,5,3,2,4,5,2,3,2,1,4,2,2,1,2,3,4,3,2,4,3,3,2,2,5,3,3,2,1,2,5,4,5,3,5,4,4,3,1,2,2,2,1,2,1,2,1,3,1,3,2,1,1,2,2,1,2,2,5,1,1,1,1,2,1,2,1,3,5,1,2,5,1,1,2,1,2,1,2,2,27,28,19,50,27,48,198,56,18,21,14,17,126
,112,,2,2,4,2,4,3,2,4,2,4,2,1,2,4,4,2,3,4,4,5,3,2,4,3,4,3,5,4,2,4,2,1,3,1,4,5,3,4,1,2,5,3,4,3,5,2,4,2,2,3,4,4,1,2,2,1,2,2,3,3,4,2,4,1,3,3,4,1,4,1,2,1,4,3,1,4,2,2,4,5,3,3,2,1,5,5,3,5,2,4,5,3,5,5,5,5,1,1,1,1,1,3,1,3,3,1,5,5,5,2,3,3,5,1,1,1,1,3,1,5,3,5,5,3,5,5,1,1,5,1,5,5,5,3,24,22,26,50,34,62,221,70,21,31,26,31,179
,113,,2,3,4,3,2,3,3,2,1,3,3,3,2,4,3,1,3,3,2,4,3,4,3,3,4,5,4,2,3,2,3,3,1,2,1,4,3,3,2,1,4,2,3,3,5,3,1,2,1,1,1,5,2,3,3,3,2,2,5,3,2,2,3,1,3,1,1,2,2,3,3,4,3,3,3,5,1,3,4,4,4,3,2,5,5,3,5,3,3,4,4,4,3,3,5,3,3,4,2,3,4,2,4,5,2,2,4,1,3,1,3,1,2,1,3,4,1,1,4,5,2,3,5,3,3,3,2,1,3,4,2,4,2,5,22,33,24,45,24,60,207,67,35,25,21,26,174
,114,,2,3,3,2,1,2,2,1,1,1,2,4,1,1,4,1,2,3,1,2,3,5,2,2,5,4,5,1,1,4,3,3,2,1,3,5,1,1,3,5,1,5,2,2,4,1,2,4,2,2,3,2,2,3,1,1,5,2,4,1,1,3,2,3,2,1,3,4,5,1,4,1,3,4,1,3,3,5,3,5,4,4,1,1,3,4,2,2,5,5,3,3,1,3,3,5,5,5,3,1,5,5,5,4,4,4,5,1,5,5,5,4,2,5,5,5,2,3,5,3,3,2,2,4,5,5,1,1,2,5,5,1,1,5,18,27,19,40,34,55,194,57,46,47,19,26,195
,115,,2,3,2,3,4,3,2,2,2,3,2,5,3,2,2,2,3,3,3,4,4,2,3,3,1,2,4,1,1,2,3,2,2,2,2,4,2,3,2,3,5,4,3,3,4,3,3,3,3,3,3,3,3,3,3,3,3,3,3,3,1,2,3,4,5,4,3,2,1,2,3,4,5,3,2,4,3,4,4,5,4,3,3,3,5,4,4,4,5,3,4,3,2,5,4,5,1,1,1,1,1,3,2,1,1,1,1,1,1,1,2,2,1,1,1,1,1,1,1,3,4,1,2,2,2,3,1,1,4,1,3,3,2,2,20,30,26,50,32,59,220,70,14,14,14,20,132
,116,,2,4,5,4,5,2,4,5,2,1,5,2,5,5,5,4,2,4,4,1,2,5,5,5,1,2,4,4,2,1,1,5,5,5,5,1,5,5,5,1,4,1,4,4,5,5,4,2,1,2,2,1,5,2,4,4,2,4,2,2,5,4,5,4,4,5,4,5,4,4,1,4,5,5,4,4,5,2,2,3,3,4,3,5,5,5,3,4,3,3,5,3,4,2,2,3,4,3,5,5,1,4,3,5,4,3,4,3,4,3,5,4,4,3,4,3,4,3,4,3,4,3,4,3,4,5,3,4,3,5,3,4,3,3,23,30,27,80,40,68,272,62,41,44,21,33,201
,117,,2,2,3,2,2,2,2,2,2,2,2,2,2,3,3,2,2,2,2,2,3,2,2,2,3,3,3,2,2,3,3,3,3,3,3,3,3,3,3,3,3,3,3,3,3,3,1,3,3,3,2,3,2,4,2,2,3,3,3,5,2,2,2,2,2,1,3,3,3,2,3,2,3,2,3,3,3,2,3,5,4,5,4,4,5,5,4,4,5,4,5,4,5,5,4,4,1,1,1,1,1,1,1,1,1,1,1,1,1,1,1,1,1,1,1,1,1,1,1,4,1,1,5,1,1,5,1,1,5,1,4,1,1,5,22,26,18,47,29,52,196,79,11,12,13,24,139
,118,,2,3,3,2,3,3,1,3,1,1,3,3,1,3,3,1,3,3,3,3,2,3,3,2,4,3,3,1,2,3,3,3,3,3,3,3,3,3,3,3,3,3,3,3,3,1,2,3,3,4,1,5,2,3,4,5,2,3,3,4,3,3,3,1,3,3,1,1,2,3,3,2,3,1,2,4,2,2,3,4,3,3,2,2,4,3,4,2,2,2,3,3,4,4,3,4,3,2,2,2,1,3,2,4,2,3,4,3,4,3,3,2,2,3,2,2,2,2,3,5,2,3,4,4,3,3,2,2,2,3,2,2,3,4,22,28,22,53,24,52,204,55,28,31,21,23,158
,119,,2,1,5,1,5,2,5,5,5,5,3,3,3,5,2,5,5,4,2,3,4,4,4,5,1,5,1,4,5,1,1,4,1,2,5,1,5,2,5,4,2,4,4,2,2,5,4,4,4,5,2,5,4,4,2,4,2,1,3,4,5,1,2,4,4,2,5,2,4,2,3,4,1,1,3,3,4,2,5,4,5,5,4,5,5,4,5,5,4,3,3,3,1,5,5,1,5,1,3,5,5,4,4,1,4,3,3,5,1,1,4,5,5,4,5,5,5,5,5,5,5,4,1,1,3,5,5,2,3,3,3,2,3,2,27,27,29,68,35,59,252,72,38,50,19,28,207
,120,,2,3,2,2,4,2,2,3,2,2,3,3,2,3,3,4,2,3,2,3,4,2,1,2,4,4,3,1,1,5,3,4,2,3,4,4,4,3,2,2,2,3,2,3,3,3,2,3,4,2,3,2,1,3,3,2,2,1,4,3,1,2,3,3,2,1,4,2,4,3,3,4,3,3,2,3,3,1,3,4,4,5,4,5,5,3,4,4,4,4,3,3,4,3,4,4,2,2,1,2,2,2,1,4,2,2,2,2,2,3,3,1,2,2,2,1,2,2,1,3,3,3,5,4,2,4,1,1,5,3,4,3,2,3,24,33,19,47,27,54,206,70,22,23,20,26,161
,121,,2,2,2,2,1,1,1,1,1,1,1,1,1,1,1,1,1,2,2,1,5,3,5,1,3,5,5,1,1,5,4,1,2,4,4,5,2,3,1,3,2,5,4,4,2,1,3,2,3,2,2,5,1,5,1,2,3,4,2,3,1,2,3,4,4,4,3,2,2,1,5,2,1,1,2,4,4,5,5,3,1,4,1,1,5,2,5,5,5,5,5,3,1,2,2,2,1,1,1,1,1,1,1,1,1,1,1,2,1,1,2,2,5,1,1,1,1,2,1,2,2,1,3,5,2,5,2,1,5,2,5,1,1,5,23,23,18,41,25,57,193,57,11,20,15,27,130
,122,,2,1,1,1,1,1,1,1,1,1,1,1,5,5,5,1,1,1,5,5,5,1,1,1,5,1,5,1,1,5,5,1,1,1,1,5,1,1,1,5,5,5,1,5,5,1,1,1,1,1,5,1,1,5,1,1,5,1,5,3,1,1,1,1,4,1,1,1,1,1,5,1,4,5,2,2,5,2,4,5,5,5,1,1,1,5,1,3,1,3,2,1,1,5,5,5,1,1,1,1,2,2,1,2,1,1,5,5,5,1,1,1,2,2,3,1,2,5,1,1,1,1,1,1,1,1,1,2,1,2,4,2,1,1,22,23,19,31,32,52,180,54,18,29,6,15,122
,123,,2,3,2,1,2,1,1,2,1,2,2,1,1,3,1,1,1,2,5,4,5,3,1,2,1,3,3,1,1,4,5,1,1,1,1,5,5,2,1,5,4,5,1,1,3,5,1,1,1,1,1,1,2,2,2,5,5,1,4,3,2,1,3,1,3,3,1,1,1,2,5,1,1,1,1,5,1,5,4,5,5,5,4,2,5,5,4,2,4,3,5,1,5,5,1,5,1,2,1,1,2,1,1,1,1,1,1,1,2,1,1,1,1,1,1,1,5,2,1,5,2,1,3,1,5,5,3,5,4,1,4,2,5,4,19,21,22,40,20,51,174,70,13,18,17,33,151
,124,,2,2,4,2,3,3,1,2,1,2,2,4,3,1,2,1,3,3,3,3,4,1,2,3,5,3,4,4,3,4,3,2,1,5,3,3,2,1,4,3,4,3,5,2,5,1,2,3,4,5,2,3,1,3,4,2,3,1,4,5,1,3,1,1,2,1,4,3,2,1,3,2,3,4,3,3,1,1,4,3,2,3,3,3,4,2,4,3,4,3,4,3,3,4,2,4,2,2,1,2,2,2,3,3,1,1,1,2,2,2,1,2,1,1,1,2,2,2,1,5,3,2,5,3,3,4,1,1,3,1,3,2,1,5,25,29,19,48,31,55,206,58,20,19,21,21,139
,125,,2,2,3,2,2,2,2,2,1,3,3,3,3,3,1,4,3,3,3,3,4,2,2,3,3,3,2,1,3,3,4,3,1,2,2,3,3,3,2,2,2,2,3,2,4,3,1,3,3,2,1,3,3,3,3,3,2,2,3,3,3,2,3,1,3,2,2,1,3,3,3,2,2,2,2,3,1,3,5,5,3,4,3,2,5,4,2,3,5,4,5,3,5,5,1,3,1,1,1,1,1,1,1,1,1,1,2,1,1,1,1,1,1,1,1,1,1,1,1,1,1,1,2,1,1,4,1,1,3,4,3,1,1,4,22,28,19,50,20,52,191,67,12,12,7,22,120
,126,,2,3,4,2,1,2,2,2,1,1,1,1,2,4,3,3,2,2,4,3,4,1,1,1,4,4,1,1,1,3,4,3,1,2,2,4,2,3,1,1,4,1,2,2,3,3,3,2,2,2,1,2,2,2,2,3,3,3,4,4,2,2,2,1,1,1,1,2,2,2,3,2,2,3,3,3,2,3,4,3,4,2,3,2,5,4,4,3,4,3,4,4,5,5,3,4,1,1,2,1,1,2,1,2,2,1,1,1,1,1,1,1,1,1,1,1,5,1,1,4,2,1,5,1,2,5,2,2,4,1,3,2,1,4,22,28,13,41,21,47,174,66,15,16,15,24,136
,127,,2,2,1,2,2,2,2,2,1,3,4,1,1,3,1,1,2,3,3,3,5,2,1,1,4,4,3,1,1,3,3,2,1,2,2,3,2,3,1,1,1,1,1,2,4,3,1,1,1,1,1,1,2,3,2,5,1,3,3,3,1,1,4,1,2,1,1,1,4,2,2,1,2,5,2,3,1,3,4,5,4,3,2,4,4,4,4,4,5,4,4,4,4,4,3,4,4,1,2,1,1,1,2,2,2,2,2,1,3,1,2,2,2,2,1,1,2,1,1,2,1,2,5,3,2,5,1,1,3,2,4,2,2,4,21,24,17,42,18,42,161,70,20,19,15,24,148
,128,,2,3,3,1,2,2,2,1,2,2,3,2,1,3,2,1,2,2,2,3,4,1,1,2,4,4,3,2,2,2,4,2,1,1,2,3,2,2,1,1,3,3,4,3,2,3,1,2,1,1,1,3,3,3,2,3,4,1,4,5,2,1,2,1,2,1,1,2,2,1,2,1,3,3,2,3,1,4,3,4,5,3,2,4,5,5,3,5,4,3,4,4,5,4,5,4,2,2,2,2,2,2,3,2,2,1,3,2,3,1,4,4,1,1,1,2,3,3,2,5,2,3,3,2,3,5,1,2,4,3,5,1,1,4,21,25,17,37,24,46,169,72,23,27,18,26,166
,129,,2,1,1,2,3,1,2,5,1,3,5,3,5,5,4,1,3,2,3,5,5,5,5,4,5,1,1,1,1,5,5,5,1,2,1,2,1,5,1,3,5,5,1,1,5,1,1,3,3,1,5,1,5,5,3,2,2,2,1,5,1,4,3,3,5,2,4,3,3,4,4,4,1,4,5,3,1,3,5,3,3,3,4,2,5,4,1,1,5,3,5,1,3,5,1,5,2,1,2,5,2,2,1,2,1,2,4,5,3,2,2,2,1,2,2,2,2,5,1,5,2,1,4,5,1,5,2,5,1,3,2,1,2,3,26,36,34,58,30,46,228,59,24,29,18,24,154
,130,,2,2,1,1,1,1,1,2,2,2,4,4,2,2,2,4,3,3,1,2,4,2,2,1,5,1,2,1,1,3,5,1,1,1,2,2,2,2,2,1,4,2,1,1,4,3,1,4,1,1,1,2,2,2,2,5,2,2,2,1,2,1,2,1,1,2,1,1,1,2,1,1,2,2,2,2,1,2,5,4,4,5,2,4,5,4,5,3,5,3,5,1,4,5,2,5,2,1,2,1,2,1,1,2,2,1,1,1,2,2,1,1,1,1,1,1,2,1,1,4,2,1,5,2,2,5,1,1,5,2,2,2,3,4,13,28,18,38,18,36,151,71,16,15,16,25,143
,131,,2,3,1,3,2,2,2,3,2,3,2,3,4,3,4,2,3,3,3,4,3,2,4,4,3,4,4,1,2,4,3,4,3,4,2,3,2,4,4,4,4,3,2,2,4,2,3,2,3,3,4,3,4,3,3,3,2,2,4,5,2,3,3,2,3,2,3,3,4,3,4,4,2,2,3,1,3,4,5,4,2,2,2,4,5,3,4,2,5,3,4,1,2,3,5,4,4,3,2,1,2,2,1,1,2,2,1,1,3,1,2,3,4,2,1,2,2,2,2,2,2,2,2,2,5,2,2,1,2,2,4,5,2,2,25,32,22,61,32,52,228,60,21,25,15,22,143
,132,,2,1,1,1,3,3,3,1,1,3,3,2,3,3,3,1,1,1,5,4,4,2,3,3,3,3,3,3,3,4,3,3,3,3,3,3,1,1,1,2,4,3,2,5,5,4,1,4,2,2,2,2,4,3,2,4,4,2,5,4,4,2,2,1,2,2,2,2,4,3,4,2,2,1,1,3,1,3,3,5,5,1,1,2,5,5,5,2,5,5,5,5,5,5,5,5,1,1,1,1,1,1,1,1,1,1,1,1,5,1,1,2,1,2,1,1,1,1,1,1,1,1,1,1,1,5,1,1,5,1,5,1,1,1,22,26,21,57,24,51,202,74,11,18,6,21,130
,133,,2,3,1,2,3,1,1,2,1,2,4,1,2,1,1,1,2,2,3,2,4,2,2,2,3,3,2,1,2,3,2,2,1,3,1,5,2,2,3,1,3,1,3,2,4,3,2,1,1,3,1,3,3,1,4,2,1,2,5,5,3,3,2,1,2,2,1,1,2,3,4,2,1,2,2,3,3,2,3,5,5,3,4,5,5,3,3,4,4,5,4,2,3,5,4,5,2,1,1,1,1,1,1,1,1,1,3,1,4,2,2,1,1,1,1,1,2,1,1,2,3,2,2,2,3,5,5,1,2,2,5,4,2,3,19,26,17,45,17,43,170,72,14,18,14,29,147
,134,,2,3,1,2,2,1,1,2,2,2,3,2,5,1,1,5,1,1,1,4,1,4,1,2,5,5,2,1,1,1,1,1,1,1,1,5,2,1,2,4,5,4,5,5,5,5,1,2,3,4,1,5,1,5,2,2,3,3,5,1,1,2,3,4,5,1,4,1,1,1,2,4,4,1,3,3,3,4,5,4,4,4,4,5,4,5,5,5,3,4,5,5,5,5,5,4,2,1,2,1,2,1,2,5,1,1,5,4,2,2,1,4,3,1,2,2,5,4,2,5,4,4,5,5,4,4,1,1,5,1,4,2,2,5,14,27,26,42,26,58,196,81,23,32,27,25,188
,135,,2,1,1,1,1,1,1,1,1,1,1,1,2,3,5,1,2,3,3,3,3,1,3,1,3,2,1,1,2,1,5,1,1,1,1,5,1,1,1,1,3,1,5,2,4,3,1,5,1,1,5,1,1,1,3,4,5,2,3,3,3,3,4,3,4,1,1,3,2,1,2,4,3,4,3,3,3,3,5,5,5,5,5,4,5,5,5,4,5,5,5,1,5,5,3,5,2,1,3,2,3,5,2,2,1,1,1,1,1,3,3,1,5,1,3,1,3,1,3,5,5,2,4,2,2,5,3,5,5,4,2,4,3,4,17,25,13,42,34,42,173,82,23,26,20,35,186
,136,,2,1,5,1,1,1,1,2,1,5,1,1,1,1,1,1,1,1,5,1,5,1,1,1,1,1,1,1,1,1,5,1,1,5,1,1,1,5,1,1,1,1,1,1,1,1,1,1,1,1,1,1,1,1,1,5,1,1,1,1,5,1,1,1,1,1,1,5,1,1,2,1,1,1,1,5,1,1,5,4,1,1,2,1,5,5,5,5,5,5,5,5,1,5,1,5,1,1,1,2,2,1,2,4,1,1,5,2,5,1,5,5,1,2,3,5,5,2,1,5,4,1,5,5,5,5,2,1,2,2,5,1,1,5,8,18,13,35,12,36,123,66,21,37,25,24,173
,137,,2,2,5,1,1,1,1,1,1,1,3,3,2,3,5,1,1,1,4,5,3,1,1,1,4,4,2,1,1,5,5,3,1,1,1,5,3,1,1,5,3,2,3,4,5,3,1,1,1,1,5,1,1,2,1,4,5,1,3,3,1,1,1,1,1,1,1,1,5,1,2,4,1,1,4,2,4,1,3,3,3,5,5,5,5,5,5,4,3,2,5,5,5,5,1,4,3,1,5,5,1,1,1,1,1,1,5,1,1,1,1,1,1,1,1,3,3,1,1,5,1,5,5,5,5,5,4,1,5,1,1,5,5,5,19,26,13,39,30,43,174,73,25,16,26,32,172
,138,,2,5,1,2,2,2,4,1,1,1,2,2,1,4,2,1,2,3,4,5,5,2,1,2,1,1,5,1,1,4,4,1,1,2,1,5,1,2,2,3,4,5,2,4,4,1,1,2,1,1,4,1,1,4,2,1,4,2,5,2,4,3,2,1,1,1,1,1,5,2,4,2,1,2,2,3,1,3,4,5,5,4,2,5,5,5,4,3,5,5,5,5,4,5,5,4,1,1,2,1,1,2,1,1,3,1,2,1,5,1,2,2,1,1,2,4,2,2,4,4,3,3,3,2,4,5,3,2,4,2,5,3,2,2,16,28,18,41,25,52,180,80,16,27,19,28,170
,139,,2,5,3,1,1,1,1,1,1,2,2,5,2,2,2,1,1,3,2,3,3,2,1,1,5,2,4,2,1,4,3,2,2,2,2,3,2,2,1,1,1,2,3,3,2,3,2,2,3,1,3,3,2,4,3,4,2,2,4,2,2,2,2,2,2,1,3,2,2,2,3,2,3,3,2,3,2,2,4,5,5,5,4,1,5,5,3,4,5,5,5,4,5,5,5,5,1,1,1,1,1,1,1,1,1,1,1,1,3,1,1,1,1,1,1,1,4,1,4,3,3,1,4,1,1,5,2,4,4,1,1,5,4,4,18,32,13,38,23,50,175,80,11,20,13,30,154
,140,,2,3,3,3,2,2,1,1,4,4,3,1,3,4,5,5,1,1,3,1,1,3,2,1,5,1,1,1,1,5,5,1,1,1,1,4,3,4,1,1,5,5,1,1,3,1,5,5,3,3,2,5,1,5,4,4,3,3,3,3,1,1,1,1,1,3,2,1,1,1,3,2,1,1,1,3,3,1,5,3,4,5,2,5,5,4,3,1,2,3,5,1,5,5,1,2,1,1,4,1,5,1,1,5,1,3,3,1,3,4,2,1,1,1,1,1,1,1,1,1,1,1,2,1,1,1,1,1,3,3,3,1,1,5,21,26,24,34,24,50,186,61,26,18,7,19,131
,141,,2,2,3,1,1,2,1,1,1,3,2,1,1,1,4,1,1,2,5,3,1,1,1,1,3,3,3,1,1,3,4,1,1,3,3,1,1,1,2,3,1,3,3,2,1,3,1,1,2,1,3,1,3,3,3,3,1,1,1,3,3,1,4,1,1,3,1,3,2,3,2,1,3,2,4,3,1,1,5,5,5,4,3,4,5,4,5,4,5,3,4,4,5,5,4,3,1,1,2,1,2,1,1,5,1,1,2,1,3,1,1,1,2,1,1,1,3,1,2,3,1,1,3,2,1,5,1,1,4,1,3,1,1,4,18,18,14,41,22,40,153,77,18,18,11,21,145
,142,,2,3,3,1,2,2,4,1,3,2,3,3,5,4,5,1,3,3,4,2,3,2,2,3,4,1,2,4,2,5,4,3,2,4,1,2,2,4,2,5,3,5,4,3,4,1,3,4,2,4,3,1,3,4,4,1,2,1,2,4,4,3,4,2,3,1,4,3,1,2,1,3,1,1,3,4,2,3,3,5,4,2,5,3,4,3,3,3,4,5,5,1,4,2,4,3,1,5,2,4,3,1,3,1,1,1,1,1,4,1,3,3,1,3,1,3,4,1,1,1,1,4,5,1,3,4,1,1,5,2,2,1,1,2,20,31,21,50,35,53,214,63,23,26,15,19,146
,143,,2,5,3,2,2,5,5,5,5,5,1,3,5,5,5,5,3,2,5,4,3,4,5,4,3,2,5,2,3,3,2,5,4,3,2,5,2,3,4,1,2,3,2,5,4,2,3,4,5,4,3,2,2,3,4,5,2,3,4,2,1,2,3,4,5,4,3,2,1,2,3,4,5,5,4,3,2,5,5,5,4,5,5,5,5,5,5,5,5,5,5,5,5,5,5,5,1,1,1,1,2,2,1,2,2,1,2,2,1,1,1,1,1,1,1,1,5,1,1,1,1,1,1,1,1,1,1,1,5,1,5,1,1,5,29,35,30,59,38,71,262,89,16,17,6,21,149
,144,,2,1,1,2,2,2,3,2,2,2,1,2,4,4,4,2,2,1,3,5,4,4,3,2,5,2,3,2,1,5,5,1,1,1,1,5,1,2,1,2,4,3,2,5,4,1,1,2,1,3,4,1,1,4,4,2,3,1,5,5,1,1,1,1,1,3,4,1,1,2,2,4,1,1,5,3,5,2,4,5,4,5,4,3,4,4,4,2,5,3,4,4,4,5,3,5,2,1,2,1,1,2,1,2,3,4,4,3,5,3,3,4,4,2,1,5,3,5,4,3,2,3,3,2,4,5,2,1,3,4,4,2,3,4,22,32,19,37,26,50,191,72,23,42,17,28,182
,145,,2,4,2,3,1,4,2,4,2,4,1,4,4,2,4,2,3,1,3,5,4,4,4,2,3,1,2,2,3,2,4,4,1,4,2,2,2,4,2,3,5,3,3,4,3,3,3,3,4,4,2,4,3,2,3,4,3,2,3,3,3,3,3,3,3,3,3,3,3,3,3,3,3,1,3,3,3,3,5,5,4,4,2,5,4,4,3,4,2,4,1,1,4,5,1,2,2,4,2,4,3,1,5,2,4,1,2,1,5,5,5,2,2,1,1,1,1,2,2,3,2,3,1,2,5,2,4,1,3,2,4,2,2,3,19,34,28,60,30,50,226,60,30,28,16,23,157
,146,,2,2,3,2,2,1,2,1,1,2,2,3,1,3,5,4,2,3,1,5,4,5,1,2,2,1,3,3,1,3,4,4,1,3,1,1,1,3,4,5,4,2,2,3,5,1,4,1,3,1,3,1,1,4,4,1,2,1,2,5,5,1,3,1,4,1,4,1,4,1,2,4,1,1,4,1,4,5,5,4,5,3,2,4,5,3,5,4,5,4,5,3,5,4,4,4,1,1,5,1,1,1,1,2,1,1,3,1,2,1,1,1,1,1,1,1,2,1,3,3,2,1,3,1,2,5,4,4,5,1,4,1,4,5,18,26,21,45,28,49,194,74,18,16,12,33,153
,147,,2,1,2,1,1,2,2,2,1,2,3,2,2,2,2,2,2,3,2,2,4,2,2,2,2,4,2,1,1,3,5,1,2,3,1,4,3,2,3,4,1,3,1,4,2,3,3,1,1,1,5,1,3,4,3,4,4,4,4,4,3,1,1,2,1,3,4,1,3,3,3,3,3,1,1,1,1,1,5,5,5,5,1,1,5,5,5,5,3,5,5,3,1,3,4,3,1,1,1,1,1,1,1,1,1,1,3,1,1,1,11,1,1,1,1,1,3,1,1,3,1,1,5,1,1,2,3,3,3,2,3,4,3,5,19,23,16,45,26,47,179,69,13,24,12,28,146
,148,,2,3,2,2,1,1,2,3,4,3,2,1,5,2,3,3,2,1,4,3,4,3,2,3,4,3,4,2,5,4,4,2,2,2,2,4,2,2,2,4,4,4,2,4,4,2,3,4,2,2,4,2,2,4,2,2,4,2,4,3,3,3,2,4,2,4,1,2,4,2,5,4,2,4,2,3,3,4,5,3,4,2,2,1,4,4,4,5,4,2,5,4,5,5,2,5,1,1,1,1,1,2,1,4,1,1,2,1,3,1,2,1,2,5,2,2,2,1,1,1,1,1,1,1,1,1,1,1,1,1,1,3,5,2,27,30,22,48,37,55,221,66,16,23,6,16,127
,149,,2,3,3,3,2,2,2,2,1,3,3,3,3,4,3,1,2,3,4,3,3,3,3,2,5,2,3,3,2,5,4,4,5,4,2,5,4,5,1,1,1,3,3,3,3,1,2,3,2,1,2,3,2,5,2,3,5,2,3,3,3,1,3,1,3,3,2,3,2,3,3,3,3,1,3,3,1,3,4,5,5,3,2,3,5,5,3,4,5,2,5,2,5,5,4,2,1,1,1,1,1,1,1,1,1,1,1,3,2,1,2,1,1,1,1,1,2,2,1,3,2,1,5,2,1,2,3,1,5,3,3,3,4,3,22,34,20,46,30,58,212,69,11,18,14,27,139
,150,,2,3,4,4,1,2,1,1,1,3,1,1,2,2,4,1,1,2,3,2,2,1,1,1,5,1,5,1,1,3,5,3,1,1,1,2,1,1,1,1,1,1,3,1,5,1,1,5,1,3,1,5,3,1,1,1,3,1,1,1,1,1,3,1,3,5,1,5,5,1,3,3,5,3,3,3,1,3,4,2,4,3,2,3,2,3,3,2,5,3,4,4,1,3,4,1,1,1,1,1,1,1,1,2,1,1,1,1,5,2,1,2,2,2,1,4,5,2,2,5,1,1,1,1,1,2,5,1,5,1,3,5,1,2,17,25,13,37,24,52,167,53,12,29,10,25,129
,151,,2,4,4,1,1,2,3,2,1,2,1,2,1,2,3,1,2,1,5,1,3,3,2,2,3,2,3,1,1,2,5,1,1,1,2,3,2,1,1,1,1,1,1,1,5,2,1,2,1,1,1,2,3,1,2,5,1,1,2,1,1,1,1,1,3,1,1,11,1,2,1,1,1,5,4,3,1,5,5,5,5,4,3,5,5,5,4,5,5,5,5,2,5,5,4,3,2,1,2,1,1,2,1,2,2,1,2,1,2,2,2,2,2,2,1,1,5,2,3,5,1,2,5,1,1,5,3,3,4,4,5,4,2,3,15,24,15,33,19,55,158,80,17,25,15,33,170
,152,,2,3,1,2,1,3,2,1,1,2,2,2,1,3,1,1,2,1,2,3,4,3,2,2,5,3,3,2,1,4,5,1,1,2,1,4,2,2,2,1,4,2,4,1,5,3,1,2,1,1,4,3,2,2,1,5,4,2,4,3,2,1,1,1,4,2,1,1,2,2,3,4,2,2,1,3,2,2,3,2,4,5,4,3,5,3,3,4,5,4,4,5,5,5,5,5,1,1,4,3,2,1,1,1,2,1,2,1,3,1,1,1,1,1,1,2,3,1,1,5,5,3,5,5,5,5,1,1,3,1,1,1,1,5,19,29,21,39,25,40,174,74,19,17,28,19,157
,153,,2,1,1,1,1,1,1,1,1,1,1,1,1,5,1,1,1,1,2,1,5,1,1,1,5,1,1,1,1,5,5,1,1,1,1,5,1,1,1,1,1,5,5,1,5,1,1,1,1,1,1,1,1,5,4,1,1,2,5,1,1,1,1,1,1,1,1,1,1,1,1,1,1,1,5,1,1,1,5,5,5,5,4,2,5,5,5,3,5,5,5,5,5,5,5,5,1,1,1,1,1,1,1,1,1,1,5,1,1,1,2,1,1,1,1,1,2,1,2,1,1,1,5,1,2,5,1,1,5,1,5,1,1,5,16,26,12,24,16,35,130,84,15,15,11,25,150
,154,,2,3,2,1,1,1,1,1,1,2,2,1,2,3,2,1,1,1,4,5,4,1,2,1,4,1,4,1,1,1,2,3,2,1,1,5,1,2,1,5,4,4,2,4,4,3,4,5,1,2,5,1,1,5,2,1,5,1,5,4,1,1,1,1,1,1,1,1,1,1,5,2,3,5,1,1,5,5,4,5,4,5,4,5,5,5,5,4,4,5,5,5,5,5,5,3,2,2,1,2,2,4,2,2,2,1,5,2,5,2,2,2,1,3,2,1,4,2,1,5,2,3,4,3,1,4,3,5,4,5,3,3,2,5,17,28,16,31,31,51,178,83,25,27,18,34,187
,155,,2,2,1,1,1,3,1,3,1,1,2,3,1,1,3,1,1,2,1,3,3,2,2,1,3,5,3,1,2,4,4,2,2,4,3,3,2,3,4,5,3,4,2,3,5,2,2,1,2,4,5,2,2,3,4,5,5,2,3,3,2,3,2,1,2,3,2,4,2,3,5,3,1,3,3,2,3,4,4,3,2,5,3,5,5,4,5,3,5,4,5,2,5,5,3,3,2,2,1,2,1,1,2,1,1,1,2,1,1,1,2,2,1,1,1,2,2,2,2,5,1,1,5,2,1,3,1,1,4,1,1,1,1,3,23,27,20,49,30,49,200,71,16,18,15,16,136
,156,,2,4,2,2,4,4,4,2,2,4,4,2,3,3,2,2,4,2,4,4,4,3,4,4,4,4,4,2,2,2,4,2,2,2,4,4,2,4,2,2,4,2,2,3,5,4,1,3,2,1,1,2,4,4,4,5,4,2,4,5,5,2,4,1,2,1,1,1,5,3,5,2,4,4,2,2,1,5,5,5,5,4,3,2,5,4,5,4,5,4,4,4,5,5,2,5,3,1,2,2,2,2,1,4,2,1,4,2,4,2,2,4,1,1,1,4,2,2,3,4,4,4,5,4,5,5,3,2,2,2,3,1,3,3,23,32,25,65,28,60,231,76,24,28,26,24,178
,157,,2,2,2,2,1,1,1,1,1,1,1,1,1,1,1,1,1,2,2,1,5,3,5,1,3,5,5,1,1,5,4,1,2,4,4,5,2,3,1,3,2,5,4,4,2,1,3,2,3,2,2,5,1,5,1,1,3,4,2,3,1,2,3,4,4,4,3,2,2,1,5,2,1,1,2,4,4,5,5,3,1,4,1,1,1,5,2,5,5,5,5,3,1,2,2,2,1,1,1,1,1,1,1,1,1,1,1,2,1,1,2,2,5,1,1,1,1,2,1,2,2,1,3,5,2,5,2,1,5,2,5,1,1,5,23,23,18,40,25,57,192,53,11,20,15,27,126
,158,,2,2,3,1,1,2,1,1,1,3,2,1,1,1,4,1,1,2,5,3,1,1,1,1,3,3,3,1,1,3,4,1,1,3,3,1,1,1,2,3,1,3,3,2,1,3,1,1,2,1,3,1,3,3,3,3,1,1,1,3,3,1,4,1,1,3,1,3,2,3,2,1,3,2,4,3,1,1,4,2,3,4,4,2,5,2,2,1,5,3,4,2,5,5,1,5,1,2,1,1,4,3,4,2,2,1,5,5,2,3,3,5,2,2,2,4,2,3,3,2,2,4,5,5,5,5,3,1,3,2,5,1,2,5,18,18,14,41,22,40,153,59,26,36,23,27,171
,159,,2,1,1,2,3,1,2,5,1,3,5,3,5,5,4,1,3,2,3,5,5,5,5,4,5,1,1,1,1,5,5,5,1,2,1,2,1,5,1,3,5,5,1,1,5,1,1,3,3,1,5,1,5,5,3,2,2,2,1,5,1,4,3,3,5,2,4,3,3,4,4,4,1,4,5,3,1,3,5,3,3,3,4,2,5,4,1,1,5,3,5,1,3,5,1,5,2,1,2,5,2,2,1,2,1,2,1,1,1,1,1,1,1,1,1,1,1,1,1,1,1,1,1,1,1,1,1,1,1,1,1,1,1,1,26,36,34,58,30,46,228,59,21,12,6,9,107
,160,,2,3,4,4,1,2,1,1,1,3,1,1,2,2,4,1,1,2,3,2,2,1,1,1,5,1,5,1,1,3,5,3,1,1,1,2,1,1,1,1,1,1,3,1,5,1,1,5,1,3,1,5,3,1,1,1,3,1,1,1,1,1,3,1,3,5,1,5,5,1,3,3,5,3,3,3,1,3,4,2,4,3,2,3,2,3,3,2,5,3,5,4,1,3,4,1,1,1,1,1,1,1,1,2,1,1,1,1,5,2,1,2,2,2,1,4,5,2,2,5,1,1,1,1,1,2,5,1,5,1,3,5,1,2,17,25,13,37,24,52,167,54,12,29,10,25,130
,161,,,,,,,,,,,,,,,,,,,,,,,,,,,,,,,,,,,,,,,,,,,,,,,,,,,,,,,,,,,,,,,,,,,,,,,,,,,,,,,,,,,,,,,,,,,,,,,,,,,,,,,,,,,,,,,,,,,,,,,,,,,,,,,,,,,,,,,,,,,,,,,,,,,,
,162,,,,,,,,,,,,,,,,,,,,,,,,,,,,,,,,,,,,,,,,,,,,,,,,,,,,,,,,,,,,,,,,,,,,,,,,,,,,,,,,,,,,,,,,,,,,,,,,,,,,,,,,,,,,,,,,,,,,,,,,,,,,,,,,,,,,,,,,,,,,,,,,,,,,
,163,,,,,,,,,,,,,,,,,,,,,,,,,,,,,,,,,,,,,,,,,,,,,,,,,,,,,,,,,,,,,,,,,,,,,,,,,,,,,,,,,,,,,,,,,,,,,,,,,,,,,,,,,,,,,,,,,,,,,,,,,,,,,,,,,,,,,,,,,,,,,,,,,,,,
,164,,,,,,,,,,,,,,,,,,,,,,,,,,,,,,,,,,,,,,,,,,,,,,,,,,,,,,,,,,,,,,,,,,,,,,,,,,,,,,,,,,,,,,,,,,,,,,,,,,,,,,,,,,,,,,,,,,,,,,,,,,,,,,,,,,,,,,,,,,,,,,,,,,,,
,165,,,,,,,,,,,,,,,,,,,,,,,,,,,,,,,,,,,,,,,,,,,,,,,,,,,,,,,,,,,,,,,,,,,,,,,,,,,,,,,,,,,,,,,,,,,,,,,,,,,,,,,,,,,,,,,,,,,,,,,,,,,,,,,,,,,,,,,,,,,,,,,,,,,,
,166,,,,,,,,,,,,,,,,,,,,,,,,,,,,,,,,,,,,,,,,,,,,,,,,,,,,,,,,,,,,,,,,,,,,,,,,,,,,,,,,,,,,,,,,,,,,,,,,,,,,,,,,,,,,,,,,,,,,,,,,,,,,,,,,,,,,,,,,,,,,,,,,,,,,
,167,,,,,,,,,,,,,,,,,,,,,,,,,,,,,,,,,,,,,,,,,,,,,,,,,,,,,,,,,,,,,,,,,,,,,,,,,,,,,,,,,,,,,,,,,,,,,,,,,,,,,,,,,,,,,,,,,,,,,,,,,,,,,,,,,,,,,,,,,,,,,,,,,,,,
,168,,,,,,,,,,,,,,,,,,,,,,,,,,,,,,,,,,,,,,,,,,,,,,,,,,,,,,,,,,,,,,,,,,,,,,,,,,,,,,,,,,,,,,,,,,,,,,,,,,,,,,,,,,,,,,,,,,,,,,,,,,,,,,,,,,,,,,,,,,,,,,,,,,,,
,169,,,,,,,,,,,,,,,,,,,,,,,,,,,,,,,,,,,,,,,,,,,,,,,,,,,,,,,,,,,,,,,,,,,,,,,,,,,,,,,,,,,,,,,,,,,,,,,,,,,,,,,,,,,,,,,,,,,,,,,,,,,,,,,,,,,,,,,,,,,,,,,,,,,,
,170,,,,,,,,,,,,,,,,,,,,,,,,,,,,,,,,,,,,,,,,,,,,,,,,,,,,,,,,,,,,,,,,,,,,,,,,,,,,,,,,,,,,,,,,,,,,,,,,,,,,,,,,,,,,,,,,,,,,,,,,,,,,,,,,,,,,,,,,,,,,,,,,,,,,
,171,,,,,,,,,,,,,,,,,,,,,,,,,,,,,,,,,,,,,,,,,,,,,,,,,,,,,,,,,,,,,,,,,,,,,,,,,,,,,,,,,,,,,,,,,,,,,,,,,,,,,,,,,,,,,,,,,,,,,,,,,,,,,,,,,,,,,,,,,,,,,,,,,,,,
,172,,,,,,,,,,,,,,,,,,,,,,,,,,,,,,,,,,,,,,,,,,,,,,,,,,,,,,,,,,,,,,,,,,,,,,,,,,,,,,,,,,,,,,,,,,,,,,,,,,,,,,,,,,,,,,,,,,,,,,,,,,,,,,,,,,,,,,,,,,,,,,,,,,,,
,173,,,,,,,,,,,,,,,,,,,,,,,,,,,,,,,,,,,,,,,,,,,,,,,,,,,,,,,,,,,,,,,,,,,,,,,,,,,,,,,,,,,,,,,,,,,,,,,,,,,,,,,,,,,,,,,,,,,,,,,,,,,,,,,,,,,,,,,,,,,,,,,,,,,,
,174,,,,,,,,,,,,,,,,,,,,,,,,,,,,,,,,,,,,,,,,,,,,,,,,,,,,,,,,,,,,,,,,,,,,,,,,,,,,,,,,,,,,,,,,,,,,,,,,,,,,,,,,,,,,,,,,,,,,,,,,,,,,,,,,,,,,,,,,,,,,,,,,,,,,
,175,,,,,,,,,,,,,,,,,,,,,,,,,,,,,,,,,,,,,,,,,,,,,,,,,,,,,,,,,,,,,,,,,,,,,,,,,,,,,,,,,,,,,,,,,,,,,,,,,,,,,,,,,,,,,,,,,,,,,,,,,,,,,,,,,,,,,,,,,,,,,,,,,,,,
,176,,,,,,,,,,,,,,,,,,,,,,,,,,,,,,,,,,,,,,,,,,,,,,,,,,,,,,,,,,,,,,,,,,,,,,,,,,,,,,,,,,,,,,,,,,,,,,,,,,,,,,,,,,,,,,,,,,,,,,,,,,,,,,,,,,,,,,,,,,,,,,,,,,,,
,177,,,,,,,,,,,,,,,,,,,,,,,,,,,,,,,,,,,,,,,,,,,,,,,,,,,,,,,,,,,,,,,,,,,,,,,,,,,,,,,,,,,,,,,,,,,,,,,,,,,,,,,,,,,,,,,,,,,,,,,,,,,,,,,,,,,,,,,,,,,,,,,,,,,,
,178,,,,,,,,,,,,,,,,,,,,,,,,,,,,,,,,,,,,,,,,,,,,,,,,,,,,,,,,,,,,,,,,,,,,,,,,,,,,,,,,,,,,,,,,,,,,,,,,,,,,,,,,,,,,,,,,,,,,,,,,,,,,,,,,,,,,,,,,,,,,,,,,,,,,
,179,,,,,,,,,,,,,,,,,,,,,,,,,,,,,,,,,,,,,,,,,,,,,,,,,,,,,,,,,,,,,,,,,,,,,,,,,,,,,,,,,,,,,,,,,,,,,,,,,,,,,,,,,,,,,,,,,,,,,,,,,,,,,,,,,,,,,,,,,,,,,,,,,,,,
,180,,,,,,,,,,,,,,,,,,,,,,,,,,,,,,,,,,,,,,,,,,,,,,,,,,,,,,,,,,,,,,,,,,,,,,,,,,,,,,,,,,,,,,,,,,,,,,,,,,,,,,,,,,,,,,,,,,,,,,,,,,,,,,,,,,,,,,,,,,,,,,,,,,,,
