Variable,row,age,sex,b1,b2,b3,b4,b5,b6,b7,b8,b9,b10,b11,b12,b13,b14,b15,b16,b17,b18,b19,b20,b21,b22,b23,b24,b25,b26,b27,b28,b29,b30,b31,b32,b33,b34,b35,b36,b37,b38,b39,b40,b41,b42,b43,b44,b45,b46,b47,b48,b49,b50,b51,b52,b53,b54,b55,b56,b57,b58,b59,b60,b61,b62,b63,b64,b65,b66,b67,b68,b69,b70,b71,b72,b73,b74,b75,b76,b77,m1,m2,m3,m4,m5,m6,m7,m8,m9,m10,m11,m12,m13,m14,m15,m16,m17,m18,m19,m20,m21,m22,m23,m24,m25,m26,m27,m28,m29,m30,m31,m32,m33,m34,m35,m36,m37,m38,m39,m40,m41,m42,m43,m44,m45,m46,m47,m48,m49,m50,m51,m52,m53,m54,m55,m56,maharat,roshd,khodpeiravi,ertebatm,rezayat,manaviat,shadi,behzisti
,1,,1,1,1,1,1,1,1,1,1,1,1,4,2,2,2,1,1,1,2,3,5,1,1,1,5,1,5,1,1,2,4,2,1,5,3,5,2,1,1,4,5,5,2,3,4,4,1,4,1,1,1,1,4,2,4,5,4,1,5,4,1,1,1,1,1,1,1,1,1,1,5,1,1,3,1,3,1,5,5,5,5,5,4,5,5,5,5,5,5,5,5,5,5,5,5,5,5,1,1,1,1,1,3,2,3,1,1,1,1,1,2,1,1,1,1,1,5,1,1,5,2,3,5,1,1,5,1,1,5,1,5,1,1,5,168,15,28,16,42,22,48,170
,2,,1,3,1,2,1,2,1,1,1,1,2,3,3,4,2,1,1,2,4,4,2,2,2,1,4,3,3,1,1,2,5,1,1,1,1,5,1,1,1,2,3,4,2,2,5,2,1,1,1,2,2,1,2,4,2,4,2,2,4,2,2,2,3,1,2,1,1,1,4,2,5,2,2,4,4,4,2,2,5,4,5,4,4,5,5,5,5,4,5,4,4,5,2,5,4,5,1,4,2,1,2,1,1,1,1,1,4,1,5,3,3,1,1,2,1,2,5,1,1,3,4,2,3,2,3,4,1,2,2,4,3,2,5,5,170,18,26,17,43,21,47,171
,3,,1,3,4,4,1,1,1,1,1,1,1,3,2,2,2,1,1,1,2,5,3,1,1,1,5,4,2,1,1,2,3,1,1,1,1,3,1,3,1,4,5,3,4,1,5,2,1,2,2,1,2,1,1,2,1,2,2,1,3,2,1,2,3,4,5,1,2,3,4,5,5,2,3,1,2,3,4,1,5,5,5,5,3,3,5,5,5,5,5,5,5,2,5,5,3,5,1,1,1,1,1,1,3,1,1,1,2,1,2,1,3,1,1,1,1,3,1,1,1,1,1,1,2,3,1,2,1,1,3,1,3,1,1,1,135,15,31,18,34,27,42,171
,4,,1,2,5,2,2,2,2,1,2,2,5,4,1,2,2,1,2,1,2,3,2,2,2,2,5,3,3,1,1,4,5,2,2,2,2,5,2,3,2,1,4,1,1,1,3,3,1,2,1,1,1,4,1,2,3,3,3,2,3,5,3,3,3,3,3,3,3,3,3,3,3,3,3,5,2,2,1,5,5,5,5,4,4,4,5,5,5,4,5,5,5,5,5,5,4,4,1,1,1,1,1,1,1,3,1,1,2,4,1,1,1,1,1,1,1,2,5,1,1,5,3,1,5,2,2,2,1,2,5,1,5,1,1,1,155,24,29,20,45,25,53,193
,5,,1,1,1,2,1,1,1,1,1,1,2,4,1,5,2,1,1,2,1,1,2,1,1,1,5,1,4,1,1,4,5,1,1,1,1,4,2,4,1,2,1,1,1,1,2,4,1,2,4,2,2,1,4,4,1,4,4,2,2,3,4,2,2,1,4,2,1,1,2,1,4,2,2,4,2,1,1,4,5,5,4,5,4,1,5,4,4,4,4,4,5,4,5,5,4,2,1,1,1,1,1,1,1,1,1,1,1,1,2,1,1,1,1,1,1,11,1,1,1,4,4,2,5,4,2,5,1,1,4,1,4,5,1,1,152,24,25,12,40,22,38,159
,6,,1,3,4,2,2,2,2,1,1,2,2,2,2,2,2,5,5,5,5,5,3,1,3,1,1,1,1,3,3,5,5,1,5,1,1,5,1,3,3,3,3,3,3,3,3,2,2,2,4,2,4,4,2,3,1,3,5,3,1,1,1,1,3,1,1,1,3,1,3,1,4,3,5,2,2,1,3,3,3,4,2,1,4,4,5,2,3,1,5,2,3,3,2,5,1,2,2,1,5,2,5,2,2,2,2,2,4,1,1,2,3,2,4,2,1,2,5,1,2,3,2,2,2,2,2,5,1,3,3,2,4,2,2,4,146,19,21,15,44,36,59,197
,7,,1,3,1,3,3,1,2,3,2,3,3,3,3,3,3,1,1,3,2,4,4,2,3,3,4,4,3,2,3,4,3,4,1,3,4,4,4,2,4,3,4,2,2,2,3,2,3,2,1,5,1,3,2,2,1,4,3,2,2,1,4,2,2,1,2,2,2,2,4,2,4,4,4,5,1,1,1,5,2,3,4,5,2,4,5,5,1,3,5,2,5,3,5,5,3,4,2,1,1,2,2,2,1,1,2,1,2,1,2,1,2,1,1,1,1,1,2,1,1,5,3,1,5,5,5,2,1,1,5,1,5,1,3,3,144,23,27,20,61,27,49,206
,8,,1,4,3,2,2,3,4,1,2,1,1,4,2,4,2,3,2,3,4,5,4,1,2,4,5,1,5,2,4,2,4,2,1,3,4,2,1,2,2,2,4,4,2,2,4,2,1,4,1,2,1,1,2,3,3,4,4,2,2,2,3,1,1,1,2,1,1,1,2,1,4,1,2,4,4,3,1,2,4,4,5,5,4,5,5,5,1,5,5,4,5,5,4,5,5,5,2,1,5,1,2,1,1,3,5,1,3,1,3,1,5,1,1,1,1,5,1,1,1,3,1,1,5,4,5,5,1,1,5,1,4,1,3,5,173,19,31,17,49,25,51,190
,9,,1,2,5,1,2,2,1,3,1,2,2,1,1,3,3,2,1,1,2,3,5,2,2,2,5,4,3,1,1,4,3,2,1,3,3,4,3,3,1,1,2,2,1,1,1,5,1,3,1,1,1,1,3,3,2,4,1,3,4,4,1,2,4,3,3,3,3,3,3,3,3,3,3,2,5,1,1,1,5,5,5,4,3,2,5,4,5,4,5,4,4,3,4,4,4,5,1,1,1,1,1,1,1,2,1,1,1,1,4,1,1,1,1,1,1,2,5,2,1,3,2,2,2,1,3,4,3,2,2,1,2,5,2,1,143,22,34,18,48,17,43,182
,10,,1,1,1,2,3,3,2,1,1,3,1,2,3,5,4,1,1,2,2,2,4,2,2,1,5,2,2,1,1,3,4,3,1,2,3,5,3,2,3,3,3,4,2,3,3,1,3,3,3,2,5,3,1,2,2,3,5,2,3,3,3,3,2,3,2,2,3,3,3,3,3,3,3,3,3,3,3,3,5,4,3,3,4,3,5,4,5,3,4,3,4,3,5,4,3,4,1,1,1,2,1,1,1,5,1,1,3,4,2,1,4,1,3,1,1,3,3,2,1,1,1,1,1,1,2,4,3,1,2,5,5,1,2,2,145,22,29,19,46,31,49,199
,11,,1,3,2,2,3,3,2,2,2,1,3,4,2,2,2,1,2,3,4,4,4,3,2,2,4,3,3,1,1,3,4,2,2,2,1,5,3,5,2,3,4,2,4,3,4,3,2,4,2,1,3,3,2,3,3,4,4,2,4,2,2,1,1,1,2,2,2,1,1,1,4,1,1,1,1,2,1,1,4,3,3,3,4,3,5,4,3,2,4,3,4,3,4,5,3,5,3,2,2,2,2,2,1,2,2,2,2,2,3,1,3,1,2,2,2,4,2,1,1,2,1,2,2,1,4,4,3,2,3,3,3,2,2,3,148,16,31,20,41,27,50,187
,12,,1,2,2,5,2,1,2,2,2,4,2,3,3,2,4,2,1,2,4,3,5,2,4,2,4,4,3,2,2,4,4,2,2,3,3,2,2,4,2,2,4,4,2,4,2,2,2,3,3,2,4,2,1,4,2,3,4,1,4,3,1,3,2,1,1,1,1,2,2,1,3,2,1,2,3,2,1,3,4,5,5,4,5,4,5,4,4,5,5,4,4,4,4,5,3,4,1,1,1,1,1,1,1,1,1,1,4,1,2,1,1,1,1,1,1,1,1,1,1,1,1,1,1,1,2,3,3,3,5,2,3,3,4,4,142,21,31,20,45,31,45,194
,13,,1,2,2,1,1,1,2,2,1,2,2,3,1,1,1,2,1,2,2,3,3,2,2,2,5,1,2,2,2,5,4,2,1,2,2,4,3,2,2,1,3,4,3,2,3,3,3,3,3,3,3,3,2,3,2,3,3,2,4,4,2,2,2,2,3,2,2,2,2,2,4,2,2,3,3,3,3,3,5,4,4,5,4,4,5,4,4,4,5,4,5,4,5,5,4,4,1,1,1,1,1,1,1,2,1,1,4,1,2,1,1,1,1,1,1,1,4,1,1,1,2,1,2,1,2,3,1,3,5,2,5,1,1,2,142,21,29,19,42,22,48,184
,14,,1,1,3,1,1,1,1,1,1,1,1,1,1,4,2,1,1,2,2,4,1,1,1,1,4,1,3,1,1,5,5,1,1,1,1,5,1,1,1,3,4,2,1,1,2,1,1,1,1,1,5,1,1,3,1,1,4,3,5,1,1,1,1,1,1,1,1,1,3,1,5,1,1,2,5,2,1,5,4,3,5,5,5,4,5,5,5,4,3,5,5,5,5,5,4,5,2,2,3,2,2,1,1,5,2,1,3,1,1,1,2,1,1,1,2,3,5,2,3,5,5,3,5,3,5,5,1,1,4,3,5,1,1,5,181,16,21,12,30,23,41,143
,15,,1,1,3,1,1,1,1,3,1,1,2,1,2,3,3,3,1,3,4,5,3,1,2,3,5,1,5,1,1,3,3,2,2,2,3,5,2,3,1,3,5,3,1,4,2,3,2,3,1,3,5,2,1,4,1,3,5,2,5,1,3,1,2,1,2,3,1,3,1,3,4,1,1,3,1,2,3,5,3,5,5,5,5,3,5,4,5,3,5,4,5,4,5,3,4,3,1,1,2,4,1,1,1,2,1,1,1,1,3,1,4,1,1,1,1,2,4,2,1,4,2,1,5,2,1,5,2,2,4,1,2,3,2,2,152,16,26,18,43,27,55,187
,16,,1,3,4,1,3,1,1,1,1,1,1,3,3,3,5,1,1,3,3,5,3,3,3,3,3,4,5,1,1,4,4,3,1,2,3,3,3,2,1,5,5,3,3,5,4,1,1,1,2,2,3,5,3,2,3,3,3,3,3,1,1,1,1,5,3,1,1,1,1,1,5,1,1,1,2,2,2,5,5,5,5,5,5,4,5,5,5,5,5,1,5,5,5,5,5,5,5,4,5,5,5,4,1,5,2,1,1,1,3,1,5,1,1,1,1,1,5,1,1,5,5,4,5,5,3,5,5,5,5,4,2,3,5,2,208,17,22,18,46,30,57,192
,17,,1,3,1,1,5,3,3,2,1,4,3,3,2,3,2,2,3,2,5,3,3,2,3,4,4,4,4,1,2,2,3,4,1,2,2,4,3,3,1,4,3,5,1,4,3,1,1,2,1,3,5,3,3,3,3,3,3,3,3,3,1,1,4,1,1,4,1,3,1,1,4,1,4,3,1,1,1,4,5,4,5,5,4,3,5,5,5,3,4,4,5,5,4,4,5,5,1,1,1,1,1,1,1,1,1,4,4,1,3,1,1,1,1,1,1,2,2,1,1,2,1,1,2,3,3,3,5,4,5,2,2,5,5,1,157,22,24,23,49,26,57,200
,18,,1,3,3,1,2,2,1,3,1,1,3,3,3,2,1,3,1,3,2,2,3,2,1,1,3,1,3,2,2,3,3,3,1,2,2,3,3,3,1,1,2,2,5,2,3,3,1,3,3,1,3,2,2,2,3,3,1,3,3,2,2,2,3,1,2,3,2,1,3,3,2,3,3,3,3,2,1,3,4,3,3,5,3,2,5,3,4,3,5,3,4,2,4,5,4,5,2,5,2,1,1,1,1,2,2,1,2,1,2,1,1,1,1,1,1,1,1,1,1,4,3,4,5,4,4,5,1,1,4,2,4,1,1,4,147,19,30,17,42,21,46,174
,19,,1,1,1,1,1,1,1,1,1,1,1,1,1,1,1,1,1,1,1,1,5,1,1,1,5,1,5,1,1,5,5,1,1,1,1,5,1,1,1,1,1,5,1,1,5,1,1,1,1,1,1,5,1,1,1,5,5,1,5,1,1,1,1,1,1,1,1,1,1,1,1,1,1,1,4,1,1,1,5,5,5,5,5,4,5,4,5,4,5,4,5,5,5,5,5,5,1,2,1,1,1,1,1,1,1,1,5,1,1,1,2,1,1,1,1,1,1,1,1,1,1,1,5,4,1,5,1,1,5,1,5,1,1,5,153,12,25,12,27,16,35,128
,20,,1,1,1,1,2,2,4,3,1,1,1,4,1,2,2,1,2,3,5,1,5,1,1,1,5,3,1,1,1,4,4,1,1,1,1,2,3,1,1,1,1,2,4,1,4,2,1,1,1,1,5,1,1,1,1,4,5,1,2,4,1,1,1,1,1,1,2,1,1,4,1,4,5,1,1,1,1,3,4,5,5,4,5,5,5,4,4,3,5,2,5,4,5,5,4,5,1,1,1,2,1,1,1,2,1,1,4,1,3,1,1,1,2,1,1,1,3,1,3,4,2,1,4,3,1,5,2,4,5,1,4,2,5,5,162,17,28,12,27,25,41,151
,21,,1,3,1,1,1,1,1,1,1,1,2,3,2,3,2,1,1,1,5,3,3,1,1,1,5,1,3,1,1,5,5,1,1,1,1,5,1,1,1,1,5,1,2,2,4,1,1,1,1,1,5,1,1,5,3,3,2,4,4,1,1,1,1,1,1,1,1,1,1,1,5,1,1,1,1,1,1,4,1,5,5,5,5,1,5,5,5,5,5,5,5,5,3,5,5,5,1,1,1,1,1,1,1,1,1,1,1,1,1,1,1,1,1,1,1,1,3,1,1,1,5,1,1,1,1,5,1,1,5,1,1,1,5,5,140,14,23,13,31,19,46,147
,22,,1,2,3,2,2,1,2,2,1,3,2,3,2,3,2,1,1,2,4,4,3,2,2,3,4,3,3,3,2,4,3,2,3,2,2,3,2,2,2,3,3,3,3,3,3,3,3,3,3,3,3,3,3,3,3,3,3,3,3,2,3,3,3,3,3,3,3,3,3,3,3,3,3,4,2,4,1,4,4,2,5,4,4,5,5,4,4,4,4,5,5,2,2,5,4,2,1,1,1,1,1,1,1,2,3,1,2,1,2,1,3,2,1,1,1,1,4,1,1,2,1,3,3,1,4,5,3,1,4,2,3,2,2,2,142,24,28,19,51,31,55,208
,23,,1,1,1,1,1,3,1,5,1,5,1,1,1,5,1,1,5,1,5,5,1,5,5,1,1,5,5,1,3,1,5,5,1,5,5,1,5,1,1,1,5,1,1,1,5,1,1,1,1,1,5,1,1,5,1,1,5,1,5,1,1,1,1,3,1,3,1,2,2,1,4,4,4,1,1,1,1,5,1,3,4,5,5,1,5,5,1,4,5,5,5,1,5,5,1,4,1,1,1,1,1,1,1,2,1,1,3,1,2,1,1,1,1,1,1,1,1,1,1,2,1,1,2,1,1,1,5,5,1,1,2,1,5,3,124,20,17,26,44,26,50,184
,24,,1,3,3,2,3,4,1,3,1,3,3,3,4,2,1,1,2,3,3,3,3,3,3,3,4,2,3,1,5,4,3,3,3,3,5,2,1,2,1,2,3,4,4,3,3,3,1,1,3,1,5,1,2,3,1,2,3,3,3,3,1,3,2,3,3,2,3,1,1,2,2,1,2,4,3,2,1,3,5,5,5,5,3,3,3,4,5,4,5,3,3,5,3,5,3,3,3,1,1,1,1,1,1,1,1,1,3,1,5,4,1,1,3,1,1,1,1,1,1,3,2,1,1,1,1,5,3,3,5,1,4,1,3,5,147,25,25,26,49,31,41,195
,25,,1,4,3,2,2,2,2,2,1,2,2,3,1,4,2,1,2,2,3,4,5,2,2,2,5,4,4,1,1,2,4,2,1,2,2,2,2,3,2,1,3,3,1,3,4,3,1,2,1,1,1,4,3,2,3,4,2,2,5,5,2,1,3,1,2,2,1,1,2,2,3,2,2,3,3,3,1,3,5,4,5,4,4,4,5,4,5,4,5,4,4,5,4,5,5,4,4,1,2,1,2,2,1,2,2,2,4,1,1,1,2,1,1,1,1,1,2,1,1,4,1,1,4,1,1,2,1,1,4,1,2,1,2,4,147,22,34,18,44,18,48,183
,26,,1,3,2,1,1,2,2,1,1,1,3,2,3,2,2,2,1,2,3,3,5,1,1,2,3,2,2,2,2,4,5,3,2,2,1,2,3,3,2,3,2,3,3,2,2,2,1,2,2,2,2,3,2,2,3,2,4,2,1,3,2,2,2,1,1,2,1,1,3,3,1,2,2,2,2,3,1,2,4,5,5,5,5,3,5,5,4,3,5,4,4,3,3,5,5,3,1,1,1,1,1,1,1,1,1,1,1,1,1,1,1,1,1,1,1,2,2,1,1,1,1,1,3,1,1,5,1,1,4,1,3,1,1,3,129,19,26,14,42,24,40,165
,27,,1,1,5,2,1,1,1,1,1,1,1,5,1,1,1,1,1,1,1,1,4,1,1,1,5,1,1,1,1,4,1,1,1,1,1,3,2,1,1,1,1,1,5,1,3,3,1,1,1,1,1,1,1,1,1,2,1,1,3,1,1,1,3,1,1,1,2,1,1,1,1,1,1,2,1,1,1,1,5,4,4,4,5,4,5,5,5,4,5,4,5,4,5,5,4,3,2,4,1,1,1,1,1,1,1,1,1,1,2,1,2,2,1,1,1,1,1,1,1,5,4,3,5,4,5,5,1,1,4,4,4,1,1,5,162,12,23,8,24,18,29,114
,28,,1,4,5,2,1,1,1,2,1,2,3,2,1,4,2,1,1,1,2,2,4,2,1,1,4,4,2,1,1,5,5,1,1,1,1,4,1,1,1,2,2,4,2,2,3,2,1,1,1,1,3,1,1,4,3,2,4,2,4,4,1,2,2,1,2,1,3,1,3,3,4,2,2,2,2,2,1,5,5,5,5,5,3,4,5,4,5,4,5,5,5,3,4,4,4,5,1,1,1,1,1,1,1,1,1,1,3,1,1,1,1,1,1,1,1,1,2,1,1,2,3,2,2,1,2,4,1,2,4,1,3,2,3,4,142,22,27,18,31,22,47,167
,29,,1,3,4,2,2,1,1,3,1,1,3,2,2,3,2,1,2,3,2,3,5,4,2,3,4,1,2,1,2,5,5,2,1,1,1,3,3,2,2,2,2,4,3,2,5,4,1,4,1,2,2,1,4,4,4,5,5,2,4,4,1,1,1,1,3,1,1,2,2,2,4,1,2,1,2,4,1,3,2,2,2,2,3,4,2,3,2,3,4,3,5,2,4,5,5,2,3,4,2,3,3,1,1,1,2,1,2,1,2,1,1,3,1,1,1,3,4,2,1,5,2,2,2,3,1,1,1,1,3,5,2,1,3,5,136,18,29,21,45,23,51,188
,30,,1,1,2,2,2,2,1,4,2,4,2,2,4,3,2,1,1,1,4,5,5,1,2,3,3,1,5,1,1,3,4,1,1,1,1,2,3,1,1,3,4,5,5,2,5,5,1,2,3,1,4,3,2,2,4,2,5,1,5,3,3,1,2,3,1,1,1,1,3,1,4,1,1,5,3,2,1,2,2,5,5,5,4,2,3,5,1,2,5,3,5,2,5,5,2,4,1,1,1,2,1,1,1,3,1,1,1,2,3,1,1,2,4,3,4,1,3,3,2,4,1,4,5,1,3,2,1,4,2,1,2,4,4,2,148,20,24,23,44,34,46,188
,31,,1,4,2,2,4,2,3,2,2,1,4,2,2,4,2,2,4,4,4,4,4,2,4,4,4,4,4,1,1,1,1,3,1,3,1,5,1,3,1,1,2,1,5,1,1,3,1,1,2,2,3,1,3,4,1,3,1,1,4,3,1,1,1,1,1,3,1,1,1,3,3,1,3,5,2,2,1,3,4,5,5,5,5,1,5,5,5,5,5,5,5,1,3,5,4,4,1,1,1,1,1,1,1,4,1,1,3,2,4,4,3,2,2,2,1,5,2,2,1,3,2,2,5,5,4,5,1,1,5,2,2,2,3,3,168,23,28,15,43,28,46,180
,32,,1,1,1,2,1,1,1,1,1,1,1,1,1,3,1,1,1,1,2,1,5,1,1,1,3,1,3,1,1,5,5,1,3,1,1,5,1,1,1,1,1,1,3,1,3,1,1,1,1,1,5,3,1,5,1,5,1,1,4,2,1,1,1,1,1,1,1,1,1,1,1,1,1,3,1,1,1,5,5,5,5,5,5,4,5,5,5,4,5,5,5,4,5,5,5,5,4,1,1,1,2,1,1,4,1,1,3,1,3,3,3,1,1,1,1,2,5,1,1,5,5,5,5,3,5,5,1,1,5,2,5,1,1,5,184,17,19,8,27,23,38,131
,33,,1,3,1,3,1,3,1,2,1,2,3,4,1,3,1,1,2,3,2,2,3,3,2,2,4,3,3,2,2,2,3,3,1,2,2,3,2,3,2,1,2,2,3,1,3,3,1,3,3,1,3,3,1,2,2,3,2,2,4,2,2,1,3,3,1,1,1,1,2,3,2,2,3,3,3,3,1,3,5,5,5,5,5,4,5,5,5,5,5,5,5,4,5,5,5,5,1,1,1,1,1,1,1,1,1,1,1,1,2,1,1,1,1,1,1,1,1,1,1,2,2,1,1,1,1,5,1,1,5,1,2,3,1,5,144,19,32,18,38,25,40,171
,34,,1,3,1,1,1,1,3,2,1,1,5,5,1,3,1,1,3,4,5,5,5,2,1,3,2,5,5,1,1,1,5,1,1,5,1,5,3,1,5,5,3,1,5,1,5,3,1,1,2,1,5,1,1,1,1,3,5,2,5,3,2,1,1,1,5,1,1,1,3,1,5,1,1,1,1,3,1,2,5,3,5,3,3,3,5,3,5,4,5,1,4,5,4,5,1,5,1,1,1,4,1,1,1,4,1,1,5,1,5,2,3,3,3,1,1,1,1,2,1,5,4,5,5,1,3,5,1,5,4,1,4,1,5,1,164,17,25,20,45,30,49,187
,35,,1,1,1,2,1,1,1,1,1,2,1,1,1,2,2,1,1,2,2,4,5,2,1,1,5,4,1,1,1,2,2,1,1,1,2,2,2,2,1,1,2,2,2,1,5,2,1,2,1,1,1,2,1,1,5,5,1,1,4,4,1,1,1,1,1,1,1,1,1,1,4,1,1,1,1,1,1,2,5,5,4,5,5,4,5,5,5,5,5,4,4,4,5,5,5,5,1,1,1,1,1,1,1,1,1,1,2,1,1,1,2,1,1,1,1,1,2,1,1,5,4,1,4,2,4,5,1,1,5,1,4,1,2,2,153,16,23,12,29,15,36,132
,36,,1,2,1,2,3,2,2,1,3,1,2,2,2,2,3,1,4,2,3,4,5,1,1,1,2,4,3,2,3,4,5,1,2,3,2,4,1,1,1,2,2,3,2,2,4,4,1,1,1,1,5,1,2,2,3,4,4,1,5,2,1,1,1,1,1,1,1,1,2,1,2,1,1,2,3,2,1,2,4,5,5,5,3,4,5,5,4,5,5,4,3,4,5,5,3,5,2,1,2,1,1,1,1,2,1,1,2,1,2,1,2,1,1,1,1,2,5,1,1,4,2,2,2,2,2,5,4,2,4,1,4,2,2,5,156,19,23,13,40,32,38,165
,37,,1,1,1,1,5,2,1,1,1,1,2,1,1,5,3,1,3,1,5,3,5,1,3,1,5,5,4,1,1,2,5,1,1,1,1,5,1,1,1,1,2,5,5,2,5,2,1,1,1,1,1,5,2,2,1,1,5,1,5,5,1,1,1,1,1,1,1,1,1,1,4,1,1,1,1,2,1,1,5,5,5,5,2,3,5,5,5,4,5,5,5,4,5,5,5,5,1,5,1,1,1,1,1,1,1,1,1,1,1,1,1,1,1,1,1,1,2,1,1,4,3,1,5,1,1,5,1,1,5,1,5,1,4,5,154,21,22,15,33,24,44,160
,38,,1,3,3,2,1,1,1,1,1,1,2,3,2,3,2,1,2,1,3,2,5,3,1,2,5,4,3,1,1,3,5,2,1,1,1,4,2,3,2,2,2,3,1,1,4,3,1,3,2,2,1,1,3,2,3,4,2,2,4,4,3,1,2,1,1,1,1,1,2,3,3,2,3,3,4,3,1,5,5,4,4,4,4,3,5,4,5,5,5,5,5,4,5,5,4,4,1,1,3,1,1,1,1,1,1,1,3,1,3,1,1,1,1,1,1,1,2,1,1,5,3,1,5,3,2,5,2,3,3,2,3,1,1,4,153,21,35,14,41,19,45,174
,39,,1,3,4,1,1,2,2,1,1,2,3,2,1,2,3,2,1,2,2,3,3,2,1,2,4,3,3,1,2,4,4,1,1,1,2,4,2,2,2,2,3,4,2,2,3,3,1,2,2,1,1,2,2,2,3,4,2,2,3,3,2,2,1,1,2,2,2,1,2,3,2,2,2,2,3,3,1,3,5,3,2,5,5,4,5,5,5,4,5,4,4,3,5,5,4,5,1,1,1,1,1,1,1,1,1,1,1,1,4,1,3,1,1,1,1,3,2,1,1,5,4,3,5,5,2,3,1,1,4,2,3,2,2,4,155,20,27,19,37,18,46,167
,40,,1,1,2,1,1,1,1,1,1,1,1,1,4,3,2,1,1,1,1,4,1,2,1,1,4,2,3,1,1,3,4,1,1,1,1,1,1,1,1,5,3,3,1,2,4,1,1,1,1,1,1,1,1,2,1,2,4,1,2,4,1,1,1,1,4,2,1,1,2,1,3,1,1,3,4,2,1,4,5,5,5,5,5,4,5,5,5,4,4,5,5,4,5,4,5,5,3,2,1,1,1,2,1,3,1,1,4,1,1,1,1,1,1,1,1,3,2,1,1,5,2,1,5,5,1,4,2,2,5,2,3,1,1,5,164,19,17,16,30,22,33,136
,41,,1,3,1,1,1,2,1,2,1,2,2,4,1,1,1,1,1,2,1,1,4,1,1,1,4,3,1,1,1,2,5,1,1,1,1,3,3,3,1,1,3,1,3,1,3,3,1,2,3,1,1,3,3,1,3,3,3,3,3,2,3,3,3,3,3,3,3,3,3,3,3,3,3,3,3,3,3,3,4,5,5,4,5,3,5,5,4,3,5,4,5,3,5,5,4,4,2,2,1,1,1,2,1,3,1,1,1,1,2,1,1,1,2,1,1,2,4,2,1,5,1,1,5,3,1,5,3,1,5,1,3,2,1,4,154,18,32,16,39,20,42,168
,42,,1,2,3,1,2,3,2,2,2,1,1,2,2,3,2,1,3,1,3,3,3,1,2,2,3,2,3,1,2,3,3,3,2,3,2,3,3,2,3,3,3,3,2,3,4,2,2,3,2,1,4,3,2,3,3,3,4,3,4,2,2,3,3,1,1,2,3,1,3,3,2,2,4,3,2,3,3,3,5,5,5,5,5,5,5,5,5,5,5,5,5,3,5,5,3,5,1,1,1,1,1,1,1,1,1,1,1,1,1,1,2,1,1,1,1,2,4,1,2,2,1,1,3,1,1,3,1,3,3,1,3,3,3,4,148,19,26,15,47,28,51,188
,43,,1,3,4,3,2,4,2,2,1,3,3,4,1,4,1,2,3,3,4,2,4,3,3,3,4,4,4,1,1,1,4,3,3,2,3,3,3,3,3,3,4,4,3,2,4,3,1,3,3,2,1,3,4,3,3,3,3,3,3,3,3,2,3,1,3,3,1,1,3,3,3,2,3,4,3,3,1,5,3,4,3,3,3,2,4,3,3,3,4,2,5,2,4,4,3,2,2,2,2,2,2,1,1,2,2,1,2,1,3,1,3,1,3,3,1,3,3,3,1,4,1,1,2,1,1,3,2,3,3,2,3,1,2,2,133,23,32,26,52,27,56,214
,44,,1,3,1,1,1,1,1,1,1,1,4,1,1,1,1,1,1,1,4,5,5,2,3,3,5,3,3,1,3,3,2,3,1,1,1,3,3,3,2,4,3,5,3,4,5,2,1,3,1,1,3,3,2,3,2,3,3,1,5,3,3,1,1,1,2,1,1,4,4,3,4,3,3,4,1,3,1,4,1,5,5,5,5,3,5,5,1,5,5,3,5,3,5,5,5,5,1,1,1,1,1,1,1,1,1,1,1,1,1,1,1,1,1,1,1,1,3,1,1,1,1,1,1,1,1,1,1,1,1,1,1,1,1,3,118,19,32,19,40,24,53,185
,45,,1,3,1,1,1,1,1,2,1,3,3,3,1,1,1,1,2,1,5,4,3,1,2,1,3,4,1,2,1,5,5,1,1,1,1,3,1,2,3,2,2,2,3,1,3,3,1,1,3,1,3,3,1,1,1,4,3,1,4,2,1,1,1,1,1,1,3,2,2,2,4,1,1,1,1,3,3,3,5,4,5,3,4,3,5,4,5,4,5,3,3,5,3,5,4,5,4,1,2,1,4,4,3,3,2,1,4,2,4,2,2,1,1,2,2,5,3,2,1,5,3,4,5,3,2,5,4,4,2,2,4,3,1,3,181,18,23,15,35,21,39,154
,46,,1,1,4,3,2,2,1,3,2,2,3,2,3,4,3,3,4,2,2,4,4,4,1,3,2,4,1,2,2,3,3,4,3,4,3,2,3,4,3,2,3,2,3,2,3,4,2,3,2,3,4,1,4,3,2,3,2,1,2,1,4,2,3,1,2,2,2,1,2,3,2,1,1,2,2,2,2,2,4,3,2,4,4,5,5,2,4,3,1,4,4,2,4,5,3,4,2,1,2,3,2,1,2,3,3,1,3,1,3,3,3,2,2,1,1,2,2,1,2,3,3,4,4,4,4,4,3,4,4,2,4,3,3,4,162,20,24,21,56,31,39,193
,47,,1,3,5,1,1,2,1,2,1,1,1,2,1,1,1,1,1,3,1,1,4,3,2,2,2,4,1,1,1,3,3,1,1,2,2,3,3,3,1,1,1,2,3,3,3,3,1,1,3,3,3,2,3,3,3,3,3,3,3,3,3,3,3,3,3,3,3,3,3,3,3,3,1,2,2,3,2,3,4,5,3,5,5,3,5,3,5,3,4,3,4,2,3,3,2,5,2,2,2,1,1,2,1,3,1,1,1,1,2,1,1,1,2,1,1,2,1,2,1,3,5,2,5,5,3,5,1,1,4,1,3,1,1,4,144,20,26,15,43,21,48,174
,48,,1,2,5,2,3,2,1,1,1,2,2,3,1,3,2,1,2,2,3,3,4,1,1,1,4,2,3,1,1,3,4,3,2,2,1,3,2,2,2,2,2,4,2,2,4,2,2,3,3,2,4,2,2,4,2,3,4,3,3,2,2,3,3,1,2,1,1,1,2,3,2,3,2,2,1,1,2,1,4,5,5,4,4,3,5,4,4,3,5,4,5,2,4,5,4,3,2,5,4,1,1,1,2,4,1,1,2,1,2,1,2,1,2,2,1,2,1,2,2,4,4,2,3,1,1,5,5,1,3,2,4,4,4,3,162,17,28,16,43,25,42,173
,49,,1,2,2,2,3,1,2,2,1,3,3,3,3,2,3,2,2,3,3,3,4,3,3,3,3,2,3,1,2,4,4,3,3,3,3,4,3,3,2,2,3,3,3,2,3,3,2,3,3,2,1,3,3,3,3,3,2,3,4,2,3,3,3,1,3,3,1,1,3,3,3,3,3,3,2,3,3,3,5,4,5,4,4,4,5,4,5,4,5,4,5,5,5,5,5,5,2,1,2,1,1,1,1,2,2,1,3,1,2,2,2,1,1,1,1,1,2,2,1,3,4,3,4,3,3,4,2,2,3,3,3,2,3,4,163,21,30,21,56,24,50,204
,50,,1,3,2,2,1,4,3,1,2,2,2,3,2,4,2,2,3,2,2,4,4,1,2,2,5,1,5,2,2,4,2,5,1,2,3,2,1,3,3,2,2,3,4,2,2,2,1,1,1,1,1,1,2,2,4,5,4,1,5,2,2,2,2,1,2,2,2,1,1,1,2,1,2,2,1,4,1,4,5,3,3,5,5,5,5,4,5,3,4,2,4,2,5,5,5,5,4,1,2,3,2,2,1,2,1,4,4,1,2,2,3,1,1,1,1,2,5,2,1,4,2,2,4,1,3,5,2,4,5,3,5,1,4,5,173,18,27,17,44,26,45,177
,51,,1,1,3,1,1,2,2,3,1,2,4,3,3,1,3,1,1,2,3,1,3,1,3,5,5,3,5,1,1,3,5,1,1,1,1,2,1,1,2,4,2,1,3,5,4,5,1,1,2,2,4,2,3,3,5,1,2,1,3,1,1,2,1,1,2,1,3,1,1,3,4,1,1,1,2,5,1,1,3,5,4,3,5,4,5,5,3,4,5,4,3,3,5,4,3,3,1,1,2,1,1,1,1,3,2,1,3,1,2,1,2,1,1,1,2,1,1,3,1,1,2,2,3,1,1,5,1,1,4,1,5,2,1,5,140,13,23,17,40,23,53,170
,52,,1,3,2,3,2,1,1,1,1,1,2,3,2,5,2,1,1,1,2,4,4,1,1,1,3,4,4,1,1,5,5,1,1,1,1,4,1,4,1,2,1,4,4,2,5,3,1,1,1,1,5,4,1,4,1,1,2,1,5,4,1,1,1,1,1,1,1,1,2,1,4,1,1,1,2,4,1,2,5,5,5,3,3,5,5,3,5,4,5,3,5,4,5,5,4,3,5,1,1,1,1,1,1,1,1,1,1,1,2,1,1,1,1,1,1,1,1,1,1,5,2,1,5,1,5,5,1,1,5,2,3,1,1,5,148,22,27,12,31,24,45,162
,53,,1,3,4,2,1,2,2,3,1,3,3,4,3,3,3,3,2,3,3,4,3,2,2,2,3,2,3,3,3,3,3,3,3,3,3,3,3,3,3,3,4,3,3,3,4,3,3,3,3,3,3,3,1,5,1,3,4,3,3,3,3,3,3,3,3,3,2,3,3,3,3,3,3,3,2,3,3,3,5,5,5,5,5,3,5,4,5,5,5,4,5,5,4,5,3,4,2,2,1,3,1,2,1,2,1,1,2,1,2,1,2,1,1,1,1,1,3,3,2,4,3,2,3,1,2,5,1,1,5,1,4,1,2,5,159,23,30,23,52,33,57,221
,54,,1,3,4,1,1,2,1,2,1,3,2,5,1,4,1,1,1,1,4,5,5,1,2,3,4,5,5,1,1,4,5,1,1,1,2,3,2,3,3,1,3,4,2,2,4,2,3,3,3,3,3,3,3,3,3,3,3,3,3,3,3,3,3,3,3,3,3,3,3,3,3,3,3,4,4,3,3,5,5,5,5,4,5,2,5,5,5,5,4,5,5,5,5,5,4,5,2,2,2,3,1,1,1,2,2,1,2,1,2,1,2,1,2,2,1,1,1,1,1,5,3,1,5,1,2,3,2,2,1,2,2,1,5,3,157,27,36,20,50,22,56,213
,55,,1,3,4,1,1,3,2,1,1,1,3,3,1,2,2,3,2,3,2,3,4,1,2,2,4,3,3,2,2,2,3,3,2,1,2,4,2,2,2,1,1,1,1,1,4,3,2,2,1,1,1,3,4,1,3,5,3,5,4,3,3,1,3,1,1,1,2,1,2,1,1,1,1,3,2,3,3,3,5,4,4,3,3,4,5,4,5,4,4,4,4,5,5,4,4,5,3,1,2,2,1,2,1,3,2,1,3,1,3,2,3,1,1,1,1,1,5,2,1,1,2,1,3,2,1,5,1,1,5,2,5,1,2,4,155,17,26,12,47,20,46,170
,56,,1,1,5,1,1,1,1,1,1,1,1,1,1,1,1,1,1,3,2,2,3,1,1,1,2,1,2,1,1,3,1,4,1,1,1,1,1,1,1,1,1,1,4,1,1,1,1,2,1,1,1,1,1,1,1,5,1,1,2,1,1,1,1,1,1,1,1,1,1,1,1,1,1,1,1,1,1,1,5,4,5,3,2,4,5,4,5,4,5,4,4,4,3,5,5,3,1,1,1,2,1,1,1,3,2,1,2,1,2,3,2,1,1,1,1,5,4,1,1,5,3,2,5,5,2,5,1,1,5,1,3,1,1,5,158,10,15,8,27,15,27,103
,57,,1,3,4,2,3,3,1,3,2,3,3,3,2,3,3,2,3,3,4,4,3,3,3,3,4,3,3,2,2,3,4,3,3,3,3,3,3,3,1,1,4,3,3,1,4,3,3,3,1,3,3,3,3,4,3,3,3,2,3,3,3,2,2,1,2,2,1,2,1,3,3,3,2,4,3,3,3,4,5,3,4,3,2,3,5,3,5,2,5,1,4,1,2,5,3,2,3,1,3,2,1,2,1,3,2,1,1,1,4,3,3,3,1,1,2,1,2,3,2,4,3,4,3,3,3,2,3,3,4,3,2,1,2,1,145,21,31,24,51,30,53,212
,58,,1,1,1,1,1,1,1,1,1,2,4,2,5,2,4,1,1,1,1,1,1,1,1,1,5,1,1,1,1,4,1,3,1,2,2,3,2,3,1,1,1,1,5,1,3,3,1,1,1,1,1,1,1,1,1,2,2,1,3,1,1,1,3,1,1,1,2,1,1,1,1,1,1,2,1,1,1,1,5,5,4,5,4,1,5,4,4,4,4,4,1,4,5,5,4,2,1,1,1,1,1,1,1,1,1,1,1,1,2,1,1,1,1,1,1,1,1,1,1,4,4,2,5,2,2,5,2,3,5,1,2,1,1,1,134,13,19,12,32,21,25,122
,59,,1,3,2,1,3,2,2,2,1,3,3,3,2,3,2,1,2,3,4,3,2,3,2,3,5,1,3,1,1,5,4,4,1,1,2,3,3,1,1,1,3,3,3,4,5,1,1,3,2,3,3,3,1,5,1,2,4,3,3,4,2,1,1,1,2,2,2,3,3,1,2,3,3,3,3,3,1,2,4,5,5,4,4,4,5,5,5,4,3,4,4,2,4,5,5,4,1,1,2,1,1,1,1,2,2,2,2,1,2,2,2,1,1,1,1,2,3,2,1,4,2,2,4,3,2,5,2,2,4,2,5,1,1,2,152,21,27,21,42,23,54,187
,60,,1,3,1,1,2,1,2,1,1,3,3,3,3,3,3,2,3,2,3,3,4,2,3,2,5,4,3,3,3,5,3,3,1,2,1,3,3,3,3,1,3,3,3,3,3,2,1,2,2,2,3,3,3,3,1,3,3,3,2,1,3,2,2,1,2,2,1,1,3,3,2,3,2,3,3,4,1,1,5,1,5,5,4,4,5,4,5,4,5,4,4,5,4,5,4,5,1,3,1,1,1,1,1,4,1,1,4,1,5,1,3,1,1,2,2,3,3,2,2,3,4,4,2,2,4,3,4,1,5,2,5,1,2,4,169,23,31,18,48,26,43,188
,61,,1,2,2,2,2,2,1,1,1,1,2,1,1,4,1,2,2,2,3,4,3,1,1,1,5,3,4,2,2,3,5,1,1,1,1,5,1,1,1,5,5,4,1,1,3,2,1,2,1,1,5,1,1,4,1,2,5,1,5,5,1,1,1,1,1,1,1,1,1,1,5,1,1,1,1,1,1,5,5,3,4,3,3,3,5,5,5,4,4,4,5,5,5,5,5,5,2,1,2,1,1,1,1,2,1,1,3,2,4,2,2,2,2,1,1,5,3,1,1,5,1,1,5,5,4,5,1,4,3,1,3,1,3,5,167,20,22,17,29,27,44,160
,62,,1,2,3,2,2,3,3,3,1,3,3,2,1,4,3,2,3,3,2,4,3,2,2,3,3,5,4,3,3,2,3,3,2,2,3,4,3,3,3,2,2,2,4,2,2,3,3,3,3,3,3,3,3,3,3,3,3,3,3,3,3,3,3,3,3,3,3,3,3,3,3,3,3,3,3,3,3,3,5,5,4,4,4,3,4,5,5,5,4,4,5,4,5,4,3,4,2,1,2,2,1,1,1,1,1,1,4,1,3,2,4,1,1,1,1,2,4,1,1,4,4,4,4,5,4,4,1,1,4,4,4,1,1,5,166,26,28,21,53,32,55,218
,63,,1,3,3,1,1,2,1,1,1,1,1,1,2,1,1,1,2,2,2,3,4,1,1,1,4,1,2,1,1,4,4,1,1,1,1,5,1,1,1,2,4,5,1,1,4,3,1,1,2,1,4,1,1,5,1,2,2,1,4,2,1,1,2,1,1,1,1,1,1,1,2,1,1,1,2,2,1,4,5,4,4,5,5,1,5,5,4,4,5,4,5,4,5,5,4,5,1,3,2,2,1,1,3,3,2,1,1,1,5,2,2,3,3,3,1,4,5,1,1,3,2,1,2,3,5,5,1,1,5,1,5,1,1,1,167,13,22,16,29,18,40,139
,64,,1,2,1,1,1,1,1,1,1,1,3,3,1,1,1,1,2,1,5,1,1,1,1,1,5,5,1,1,1,5,5,1,1,1,1,5,1,1,1,5,1,5,1,1,5,1,1,1,1,1,5,5,1,1,5,5,3,1,5,5,1,1,1,1,1,2,1,1,1,1,5,1,1,1,2,1,1,1,5,5,5,3,5,5,4,5,5,4,5,4,5,4,4,5,5,4,1,1,1,1,1,1,1,1,1,1,1,1,3,1,2,1,1,1,1,1,3,1,1,3,2,3,5,5,1,5,1,1,5,1,5,1,1,3,152,21,22,14,27,23,43,151
,65,,1,2,3,2,1,2,2,2,2,3,3,2,3,3,2,2,2,2,4,3,3,2,2,2,4,2,3,1,1,4,4,2,2,2,3,3,3,2,2,3,2,2,2,2,4,4,2,2,2,2,1,2,2,3,5,5,2,2,4,1,3,1,5,1,2,2,1,2,2,1,2,1,1,1,5,1,3,1,4,5,5,5,3,3,5,4,4,4,5,4,5,4,4,5,4,5,2,1,1,1,1,1,1,1,1,1,2,1,2,1,2,1,1,1,1,1,2,1,1,5,2,1,2,1,1,2,2,1,2,1,1,1,1,2,131,16,26,18,50,21,46,181
,66,,1,3,4,2,1,2,2,2,1,1,1,4,1,2,2,1,2,2,2,1,4,2,2,1,4,2,2,2,2,3,4,2,2,2,2,3,2,2,2,2,1,1,5,3,3,2,2,2,2,2,3,2,2,1,3,3,2,2,3,3,2,1,3,2,2,2,2,1,2,2,5,3,3,3,2,3,2,1,4,3,4,4,3,4,3,3,4,3,4,3,4,3,4,4,3,3,2,1,2,2,2,2,1,1,2,1,3,2,2,2,2,1,1,2,1,2,2,4,2,3,2,2,4,3,3,5,2,1,4,2,3,2,1,4,146,19,29,12,37,28,45,171
,67,,1,3,3,3,3,3,3,3,3,3,3,3,3,3,3,2,2,2,4,4,4,2,2,2,4,2,4,2,2,4,4,2,2,2,2,4,2,2,2,4,4,4,2,4,4,2,2,2,2,2,4,2,2,4,2,2,4,2,4,3,2,2,2,2,2,2,2,2,2,2,4,2,2,2,2,2,2,4,4,4,4,5,3,3,4,2,4,2,2,2,2,1,4,3,3,3,3,3,3,3,3,3,3,3,3,3,2,3,2,3,4,2,4,3,4,2,4,3,2,4,2,3,3,3,3,3,3,3,3,3,3,3,3,3,168,20,28,24,44,33,56,207
,68,,1,3,3,1,2,3,3,1,1,3,3,2,3,3,3,1,3,2,5,3,4,2,3,3,3,4,4,3,3,3,3,3,3,3,2,3,3,3,4,5,3,3,3,3,3,3,3,3,3,3,3,3,3,3,3,3,3,3,3,3,3,3,3,3,3,3,3,3,3,3,3,3,3,3,3,3,3,3,5,3,3,5,4,3,5,5,5,5,5,3,5,5,3,5,3,5,1,1,1,2,1,1,1,1,1,1,1,1,5,1,2,1,2,1,1,1,3,2,1,4,2,1,2,1,1,5,1,1,2,1,5,1,3,2,142,25,30,21,56,34,57,226
,69,,1,3,1,2,3,2,3,2,1,3,3,3,2,3,2,1,2,2,4,3,5,3,1,3,4,3,3,3,1,5,5,1,1,1,1,3,3,2,1,3,5,4,2,4,5,1,1,1,3,3,3,3,4,3,1,1,3,1,4,3,1,1,2,1,3,3,3,1,1,2,5,4,5,1,1,1,2,3,5,4,5,5,5,5,5,5,5,3,5,3,5,3,4,5,5,3,1,1,1,1,1,1,2,1,1,1,2,3,4,1,3,3,1,1,1,1,5,5,1,5,3,1,3,3,2,5,3,1,3,3,1,1,5,3,164,22,29,25,36,24,54,192
,70,,1,3,3,1,1,2,3,2,1,3,1,3,5,3,4,2,1,2,4,5,3,1,2,3,5,1,3,3,2,4,3,4,3,3,3,3,4,3,2,3,3,3,3,3,3,3,2,2,1,2,4,3,3,1,4,2,4,1,3,1,3,1,3,1,3,1,1,1,2,2,2,1,3,4,2,2,1,1,4,5,5,4,5,5,5,5,4,5,5,4,5,4,5,5,5,4,2,5,1,4,4,2,1,3,3,1,1,1,1,1,4,1,1,1,1,1,2,1,1,5,4,1,5,1,1,5,4,1,5,1,1,4,1,1,167,17,27,18,51,32,48,192
,71,,1,5,1,3,4,1,3,2,1,3,1,4,2,5,1,2,3,3,3,3,3,3,3,3,4,4,3,3,3,3,3,3,3,3,3,3,3,3,3,3,3,3,3,3,3,3,3,3,3,3,3,3,3,3,3,3,3,3,3,3,3,3,3,3,3,3,3,3,3,3,3,3,3,3,3,3,3,3,4,3,4,5,5,3,5,5,4,4,5,3,5,4,5,5,5,5,1,1,2,1,1,1,1,2,1,1,1,1,3,2,1,1,1,1,1,2,3,1,1,1,1,1,2,1,1,5,1,1,5,2,5,1,4,5,146,27,34,19,57,32,54,226
,72,,1,3,3,2,2,1,2,3,1,1,2,3,3,3,2,1,2,1,5,4,3,3,2,3,2,2,3,1,3,3,3,3,1,1,3,3,2,3,2,2,5,4,3,3,5,3,3,3,2,3,3,3,3,3,2,3,4,3,3,3,3,3,3,3,3,3,3,3,3,3,3,3,3,3,3,3,3,3,5,5,2,2,2,2,2,2,2,4,2,2,2,5,5,5,4,3,2,1,3,2,1,1,1,1,2,1,2,1,3,3,1,1,1,1,1,1,3,1,1,1,2,2,2,1,2,3,1,4,3,1,3,1,4,5,126,22,29,22,53,27,54,210
,73,,1,3,3,2,1,2,2,2,2,2,2,3,4,3,3,2,2,2,3,2,3,2,2,2,4,2,4,3,3,3,3,3,3,3,3,3,3,3,3,3,3,3,3,3,3,3,3,3,3,3,3,3,3,3,3,3,3,3,3,3,3,3,3,3,3,3,3,3,3,3,3,3,3,2,3,3,1,3,4,5,4,3,3,2,5,3,4,4,5,3,5,4,3,4,2,4,2,1,1,1,2,1,1,3,1,1,2,1,2,1,1,1,1,1,1,2,2,1,2,1,1,2,2,1,3,3,4,3,3,1,5,3,1,3,135,22,31,19,53,32,55,214
,74,,1,3,3,3,3,3,3,3,3,3,3,3,3,3,3,5,5,5,1,1,1,5,5,5,1,5,1,5,5,5,3,5,1,5,4,3,3,3,3,3,3,3,3,3,3,2,3,2,2,3,4,5,1,1,1,5,5,3,5,1,3,2,1,1,2,3,3,2,3,2,4,2,3,3,3,1,4,2,5,5,5,4,3,2,5,5,5,3,5,4,4,2,2,3,3,4,2,2,2,3,2,2,3,3,5,5,2,2,2,2,2,2,2,2,2,2,2,2,2,2,2,2,2,2,2,2,2,2,2,2,2,2,2,2,154,27,25,25,60,39,52,232
,75,,1,2,3,1,2,1,1,1,1,1,1,3,2,2,2,1,1,1,3,2,2,1,1,1,5,3,2,1,1,3,2,2,2,2,2,2,3,3,1,2,1,1,5,1,3,2,1,1,1,1,1,3,1,1,3,4,1,5,2,1,1,1,2,2,1,1,1,1,2,2,3,3,3,3,3,5,3,1,5,4,5,5,2,5,5,5,5,4,5,4,5,4,5,4,4,4,2,1,1,1,1,1,1,1,1,1,2,1,1,1,1,1,1,1,1,1,1,1,1,4,3,1,5,3,2,5,1,1,5,1,1,5,1,4,147,15,26,8,36,22,41,149
,76,,1,3,2,1,5,4,5,2,3,5,3,5,4,1,1,3,5,3,4,3,3,3,3,5,3,5,3,1,5,1,3,2,2,4,1,5,4,3,3,5,3,2,3,2,5,5,3,3,3,5,3,5,4,5,3,3,3,3,3,5,3,3,1,2,3,5,1,3,5,3,5,3,1,1,3,3,1,3,3,5,5,3,2,4,5,5,2,5,5,5,5,3,5,5,5,1,1,2,1,2,1,1,1,1,1,1,2,1,5,1,3,1,1,2,2,5,4,2,2,1,3,1,5,1,3,5,5,5,4,4,5,5,5,4,172,26,32,25,65,30,65,246
,77,,1,1,2,1,2,2,4,1,1,2,2,4,4,5,1,1,1,3,5,4,5,1,2,2,5,2,4,2,2,4,4,2,1,1,1,3,3,3,1,3,1,1,1,1,5,1,1,1,3,4,5,1,1,2,1,1,1,3,5,1,2,1,1,1,2,1,1,1,1,1,2,2,1,5,1,1,1,3,5,4,5,5,5,4,5,4,5,1,5,4,4,4,5,5,4,5,3,3,4,1,1,2,1,2,1,1,1,1,3,1,3,1,2,2,1,1,5,2,1,2,2,1,1,1,2,5,1,1,5,5,5,1,5,5,164,23,28,12,38,23,44,165
,78,,1,3,1,2,1,2,1,1,1,1,3,4,1,2,4,1,3,1,3,3,2,1,1,2,4,4,3,1,2,4,4,3,1,1,1,4,1,3,1,2,2,1,4,1,4,2,1,1,2,1,3,3,1,3,3,4,3,2,4,2,2,2,3,1,2,3,2,1,2,1,4,2,1,2,3,2,1,3,5,4,4,5,5,4,5,4,4,4,5,3,4,4,5,5,4,5,1,1,3,2,2,1,1,3,2,1,1,1,5,2,2,3,3,3,1,4,5,1,1,3,2,1,2,3,5,5,1,1,5,1,5,1,1,1,165,21,27,13,37,27,42,167
,79,,1,5,2,2,4,3,1,3,3,2,3,3,3,5,5,1,3,3,5,5,3,3,5,5,1,5,5,1,1,1,5,3,1,1,1,4,3,3,1,5,3,5,2,3,5,3,3,3,3,3,3,1,3,4,3,3,5,1,3,3,2,2,4,3,2,4,2,3,2,3,4,3,3,3,3,3,3,3,5,4,5,5,5,5,5,5,5,5,5,5,5,5,5,5,5,4,1,2,1,1,1,1,1,2,2,2,2,2,2,2,2,1,2,2,2,2,1,2,2,3,3,2,5,5,5,1,1,1,1,2,2,5,5,2,169,25,30,24,56,36,58,232
,80,,1,1,1,2,1,1,1,2,1,2,2,4,1,5,1,1,1,2,2,5,5,2,2,1,5,4,5,1,3,5,4,2,1,1,1,3,1,2,1,1,3,3,3,2,3,3,3,3,3,3,3,3,3,3,3,3,3,3,3,3,3,3,3,3,3,3,3,3,3,3,3,3,3,1,3,3,3,3,4,4,5,5,3,3,5,3,4,3,5,3,5,3,5,5,3,5,1,1,1,1,1,1,1,1,1,1,3,1,2,1,1,1,1,1,1,1,1,2,1,5,3,1,5,1,1,5,1,3,3,3,2,1,1,5,140,27,32,18,46,21,48,197
,81,,2,2,1,1,2,1,1,2,1,2,2,4,3,3,2,2,2,1,3,4,5,1,1,1,5,1,3,1,1,2,5,2,1,2,1,5,1,2,3,5,3,5,2,5,2,5,4,1,1,1,3,1,1,4,1,3,5,3,3,4,2,3,2,1,1,1,2,1,2,3,2,2,4,2,4,2,1,3,3,5,3,5,5,3,5,3,4,5,5,3,5,3,3,5,5,3,1,1,1,1,1,1,1,2,1,1,3,1,1,1,1,1,1,1,1,1,5,1,1,3,3,2,3,2,3,3,1,3,1,3,5,2,1,3,141,15,31,17,46,26,44,182
,82,,2,1,1,1,1,1,1,2,1,1,2,5,1,1,5,1,1,1,1,1,5,1,1,1,5,5,1,1,1,1,5,1,1,1,1,1,1,1,1,3,1,1,1,1,5,1,1,1,1,2,1,1,1,3,5,5,3,5,5,5,1,1,1,1,1,2,1,1,5,2,1,1,1,1,3,3,1,2,4,5,5,4,5,1,5,5,5,3,5,1,5,5,5,5,3,5,1,1,1,1,1,1,1,1,1,1,2,1,1,1,1,1,1,1,1,1,5,1,1,5,5,5,5,2,5,5,1,1,5,1,5,1,1,5,156,17,29,10,36,20,32,145
,83,,2,2,1,1,2,2,1,2,2,1,2,1,2,2,2,1,1,2,3,2,4,1,1,1,4,1,2,1,1,2,5,1,1,1,1,2,4,4,1,2,2,2,1,2,5,1,1,1,2,1,5,1,1,3,4,4,5,1,5,1,1,1,1,2,2,2,2,1,1,2,2,2,4,2,1,1,1,5,1,3,3,4,2,3,4,3,1,4,5,5,4,5,3,5,1,5,1,1,1,1,1,1,1,1,1,2,1,1,3,1,1,1,1,3,1,1,2,1,1,2,1,1,2,1,3,3,1,1,2,1,4,3,2,5,122,13,26,14,29,25,46,153
,84,,2,3,3,2,1,1,2,2,1,1,2,2,1,3,3,2,2,3,2,2,3,2,4,2,4,2,3,2,2,4,3,3,4,3,2,4,3,3,1,1,2,1,4,1,4,3,2,3,2,2,3,3,3,2,4,4,1,1,4,2,2,1,1,1,2,3,2,1,2,2,1,2,2,3,2,3,2,4,4,2,3,2,2,3,3,2,4,3,3,3,5,3,4,4,4,4,3,4,2,2,3,3,3,3,3,2,2,2,2,1,2,1,2,3,2,2,3,4,5,4,3,3,4,2,3,4,1,1,5,3,4,1,1,4,160,21,28,13,41,27,49,180
,85,,2,3,1,2,1,2,1,3,2,5,2,3,2,2,1,1,3,5,1,2,3,2,2,2,5,1,3,1,1,4,4,1,1,2,2,4,2,3,1,4,3,2,5,2,4,1,2,3,4,5,3,3,1,4,3,4,1,1,4,1,1,2,3,4,5,1,2,3,4,5,5,3,1,5,5,2,1,1,5,3,5,4,1,4,5,3,2,3,5,5,5,3,3,5,2,5,1,1,1,1,1,1,1,1,1,1,2,1,3,1,2,1,2,1,1,1,2,5,1,2,1,2,2,5,3,5,2,1,5,1,5,1,1,5,142,19,37,24,41,32,48,199
,86,,2,3,2,4,2,2,1,2,3,4,2,2,5,4,5,1,3,2,2,3,5,2,2,2,4,2,4,3,1,4,4,3,3,2,1,5,2,2,2,3,5,3,2,2,4,3,1,1,2,1,2,2,2,1,2,5,4,1,4,5,1,5,4,1,1,3,1,1,3,2,5,1,1,4,2,3,2,3,5,3,2,5,2,2,4,3,4,3,5,3,5,2,3,5,4,5,4,4,2,3,4,4,2,4,4,1,2,1,4,4,5,5,1,3,1,2,1,2,4,4,3,4,3,4,1,2,4,2,1,2,2,1,1,4,170,25,26,21,51,37,44,203
,87,,2,3,3,1,1,1,2,2,1,2,2,3,2,5,3,2,2,3,2,3,3,1,2,2,5,4,2,1,2,3,4,2,1,1,1,3,3,3,2,2,2,2,3,2,5,3,2,3,2,2,4,3,2,2,1,3,2,2,3,3,2,1,2,1,4,2,1,1,2,1,2,3,1,1,3,2,1,2,5,4,3,4,3,4,5,4,4,3,5,4,5,1,5,5,2,4,1,1,4,3,2,1,1,3,2,1,3,1,2,1,2,1,2,1,1,2,2,2,1,2,2,1,3,1,1,4,1,1,4,1,2,1,2,4,140,22,30,16,39,22,42,173
,88,,2,3,3,1,2,2,4,1,2,3,4,3,4,5,3,1,2,1,4,3,4,3,2,3,4,3,4,1,2,5,4,1,2,4,3,4,1,4,3,4,4,3,2,3,2,2,1,2,2,1,4,1,2,3,2,3,4,4,5,3,1,2,3,4,3,2,1,1,1,2,4,2,3,1,2,2,3,2,5,3,3,4,3,1,5,3,5,5,4,5,3,4,5,5,1,4,1,1,1,1,1,1,1,1,1,1,1,1,1,1,1,1,1,1,1,1,1,1,1,3,1,1,1,1,1,2,1,1,5,4,5,1,1,5,124,23,31,23,48,30,46,204
,89,,2,2,3,3,2,2,4,1,4,2,4,2,4,4,3,4,2,3,4,4,3,3,2,3,3,1,2,3,2,5,3,2,4,2,2,1,2,4,3,2,5,2,2,2,5,2,4,2,4,2,3,3,2,2,2,4,4,3,4,2,1,4,2,4,2,3,4,2,4,2,3,2,4,2,4,4,2,2,5,3,4,4,1,5,5,1,5,1,5,3,5,3,4,5,1,5,1,1,1,1,1,1,1,1,1,1,4,5,4,5,5,5,5,5,5,5,5,5,5,4,5,5,5,5,5,5,1,1,5,2,5,1,1,5,193,23,28,21,51,36,56,219
,90,,2,2,3,1,1,1,1,1,1,3,2,2,3,1,1,1,1,1,2,1,2,1,1,1,5,1,5,1,1,5,5,1,1,1,1,4,1,2,1,4,4,5,2,5,4,2,1,1,1,1,1,2,1,2,1,3,5,2,5,4,1,2,1,2,1,3,1,3,1,3,5,3,1,1,2,1,2,3,5,5,5,5,3,4,5,5,5,4,5,4,5,4,3,5,5,4,1,1,1,1,1,1,1,1,1,1,1,1,1,1,1,1,1,1,1,1,1,1,1,5,3,2,3,1,1,5,1,2,5,1,4,1,1,5,144,17,27,18,30,21,46,161
,91,,2,1,3,2,2,2,2,2,2,3,2,3,4,3,4,2,3,2,4,5,4,3,2,3,5,4,4,2,3,5,2,1,1,1,3,5,3,1,5,5,3,3,1,3,5,1,3,1,3,1,5,3,1,5,1,3,5,3,5,1,1,1,1,3,4,1,3,1,1,1,3,2,3,1,2,3,1,5,5,3,2,4,1,5,5,2,5,3,3,2,5,5,4,5,3,5,1,3,1,5,1,1,1,5,1,1,4,5,5,5,5,5,5,5,5,5,5,5,5,4,5,5,5,5,5,5,1,1,5,1,5,1,1,5,205,21,25,22,41,34,60,206
,92,,2,3,3,3,4,2,1,2,2,1,2,1,4,4,1,1,2,2,5,4,4,1,2,1,5,2,5,4,4,5,4,1,2,1,2,5,2,2,3,2,4,4,3,5,4,1,2,3,3,2,3,1,2,5,2,1,4,1,4,5,1,2,1,4,2,2,3,1,1,2,4,1,4,2,3,2,2,3,3,5,5,4,5,2,5,5,3,3,5,5,5,2,5,5,4,5,1,1,3,3,4,2,1,3,2,1,2,2,3,3,4,5,2,5,4,4,3,4,3,5,5,3,5,2,2,5,1,2,5,2,1,1,1,5,186,27,28,18,38,32,58,203
,93,,2,1,1,1,1,4,2,1,1,1,1,1,1,1,1,1,1,2,1,2,1,1,1,1,4,4,1,1,1,4,3,2,1,1,1,5,1,1,3,1,1,1,3,1,2,5,1,2,1,1,1,3,1,3,3,3,1,3,2,5,2,2,3,1,2,1,3,2,3,2,1,1,3,5,3,2,1,4,5,3,2,4,4,5,5,4,5,3,5,1,5,5,4,5,4,5,1,2,1,1,2,2,1,3,1,1,5,1,1,1,1,1,1,1,1,1,1,1,1,5,2,1,5,5,3,5,1,1,5,3,5,1,1,5,154,22,18,12,39,18,41,147
,94,,2,1,4,1,1,2,3,2,1,1,5,3,1,2,5,1,1,3,4,1,3,3,2,2,1,1,3,1,3,5,2,3,2,4,1,3,1,3,5,5,5,5,1,5,3,3,3,3,2,1,2,2,1,5,1,3,2,2,5,4,1,3,2,2,3,2,1,4,1,4,5,2,1,3,4,1,4,4,5,4,4,5,4,3,5,3,4,5,5,5,5,4,5,5,5,4,1,2,3,1,2,1,1,2,2,1,2,2,3,1,2,1,1,1,1,2,4,1,2,5,4,3,3,1,2,3,4,1,5,2,3,4,1,5,165,22,29,26,39,26,54,200
,95,,2,1,1,1,2,2,3,2,1,2,2,3,2,3,1,2,1,3,3,3,4,3,2,4,5,2,5,3,1,4,5,3,5,5,2,3,3,3,5,5,1,3,1,3,5,1,5,5,4,5,1,4,3,4,1,5,1,4,2,4,1,3,2,3,2,1,2,1,2,1,2,3,1,1,3,3,2,4,5,3,5,4,4,2,5,5,5,4,5,4,5,3,5,5,4,4,2,1,1,1,1,2,1,2,2,1,3,1,2,1,2,1,2,1,1,1,2,1,2,3,2,3,3,2,1,5,1,2,5,2,5,3,1,2,151,20,30,17,59,24,53,209
,96,,2,1,1,1,1,1,1,2,1,2,1,3,2,3,3,1,2,4,5,4,4,2,1,1,4,4,1,1,1,1,1,1,1,1,1,5,1,1,1,1,5,1,5,3,3,1,1,1,2,1,4,1,1,3,2,5,3,1,5,5,1,3,3,3,1,1,1,1,1,2,4,3,3,3,2,1,1,4,3,5,3,4,3,4,5,5,5,4,5,3,5,4,4,5,3,3,1,1,1,1,4,2,1,1,1,2,2,1,2,1,2,1,2,1,1,1,1,2,1,5,2,2,5,5,5,3,1,1,5,4,5,2,1,5,157,20,26,15,31,28,45,164
,97,,2,3,4,1,1,2,1,2,1,2,3,2,2,3,2,3,3,2,2,3,2,3,3,3,3,3,3,1,1,2,3,3,1,2,3,3,2,3,2,1,3,1,3,1,3,3,1,2,1,1,5,3,3,1,1,3,1,3,1,3,2,1,5,1,3,1,1,1,1,1,1,1,3,3,4,3,2,3,3,4,4,5,4,3,5,4,3,3,4,4,5,2,5,5,2,4,1,1,1,1,1,1,1,1,1,1,2,1,1,1,1,1,1,1,1,1,1,1,1,1,1,1,1,2,1,5,1,1,4,1,4,1,1,4,122,17,22,19,47,23,41,169
,98,,2,4,2,2,1,3,1,2,1,3,2,1,1,4,2,1,3,1,2,3,5,3,3,1,5,2,5,1,1,3,4,3,1,3,1,3,3,2,3,5,5,3,1,1,1,1,1,2,1,1,5,1,2,5,3,5,1,3,5,5,2,1,5,1,3,1,1,1,3,3,1,1,1,5,2,3,1,5,4,4,3,3,2,2,5,3,3,4,3,4,5,3,5,5,2,4,2,1,2,2,2,3,1,4,2,1,5,1,2,2,3,1,1,1,1,2,1,1,1,5,2,1,5,2,1,2,1,2,5,4,4,2,2,4,148,22,30,24,46,28,41,188
,99,,2,1,2,1,1,1,1,1,1,2,1,1,2,2,5,1,1,1,2,2,5,1,1,1,5,4,2,1,1,2,2,1,1,1,1,5,1,4,1,2,2,2,4,2,5,1,1,1,1,1,5,1,1,2,4,1,2,1,5,1,1,1,1,1,1,1,1,1,1,4,5,1,1,1,1,1,1,2,5,5,4,5,4,5,3,3,5,5,5,3,5,4,5,5,5,5,1,1,1,1,1,1,1,1,1,1,4,1,1,3,2,3,1,1,1,3,5,1,4,3,1,1,5,1,5,5,1,1,5,1,4,2,1,5,162,13,28,11,22,25,40,140
,100,,2,3,1,4,2,3,2,2,1,1,2,3,3,3,3,1,3,3,1,1,3,3,2,3,3,2,1,3,3,2,5,3,2,1,1,1,3,3,5,1,1,1,3,1,3,3,1,3,1,1,3,2,3,1,3,5,1,3,1,3,1,1,2,1,3,3,1,1,3,3,1,3,3,3,4,3,1,3,4,3,4,3,4,4,5,4,4,2,4,4,5,4,5,5,5,5,1,1,2,1,1,1,2,4,1,1,2,1,3,2,2,1,1,1,1,1,2,1,1,3,1,1,5,1,1,5,1,1,5,2,4,4,2,4,148,20,29,16,48,28,35,175
,101,,2,2,4,3,3,5,4,4,5,3,4,5,5,1,3,2,3,2,1,3,1,2,5,3,2,2,1,2,5,3,1,3,4,2,4,4,2,3,5,3,3,4,4,3,1,3,5,3,5,2,3,3,4,4,1,5,4,2,1,3,1,5,3,4,2,4,3,4,1,3,4,4,5,1,4,3,2,5,3,1,5,3,2,4,5,5,3,5,2,4,5,3,1,5,3,5,1,4,1,2,3,2,2,1,1,5,5,2,1,1,1,1,1,1,1,1,1,1,1,1,1,1,4,3,2,5,1,1,5,3,5,1,1,5,143,24,28,27,60,39,56,240
,102,,2,5,4,3,2,1,2,3,4,5,5,4,3,4,5,1,1,2,3,2,2,5,5,4,3,2,5,1,3,1,2,3,2,2,1,4,3,5,4,3,4,4,2,1,1,3,2,1,2,3,4,1,2,1,3,2,2,2,2,5,5,2,4,1,2,4,3,2,4,3,1,5,5,4,4,4,1,1,4,5,4,5,5,3,5,4,4,5,5,5,5,2,4,5,5,5,2,5,1,5,2,3,4,2,1,1,2,2,2,1,2,2,2,2,1,1,2,2,1,2,5,1,1,1,2,2,3,2,2,1,1,1,1,2,155,25,34,29,55,32,47,221
,103,,2,1,2,4,5,4,2,1,2,2,3,4,3,4,5,4,3,2,3,5,4,1,3,1,3,1,4,1,1,5,4,1,2,1,2,5,2,1,2,3,2,1,4,4,5,1,2,1,1,1,5,1,2,5,1,1,5,1,5,1,1,1,1,1,1,1,1,1,5,5,1,5,5,5,4,1,1,1,3,5,5,3,3,3,5,5,5,5,5,2,5,4,5,5,3,5,1,1,2,1,1,3,1,2,1,2,1,1,1,1,2,2,1,1,1,1,2,1,1,1,1,1,1,2,3,5,3,2,3,4,2,4,2,4,145,19,33,15,41,40,50,196
,104,,2,3,4,2,2,3,2,2,3,2,4,3,4,4,3,2,2,1,3,4,4,3,3,2,4,3,2,3,4,2,3,3,2,1,2,3,3,3,4,2,2,3,2,4,4,3,3,3,3,3,3,4,3,4,2,3,3,3,2,1,2,4,4,4,2,4,3,4,4,4,3,4,4,4,4,4,2,2,5,3,5,5,5,4,5,4,5,5,3,5,5,5,5,5,5,2,1,1,1,1,1,1,1,1,1,1,5,1,1,1,1,1,1,1,1,1,1,1,1,5,5,5,5,5,5,5,1,1,5,1,5,1,1,1,159,25,34,21,57,33,58,229
,105,,2,1,3,3,2,2,5,2,1,4,1,1,5,5,5,2,3,5,5,4,3,4,5,1,4,1,4,2,1,5,4,1,2,3,3,4,3,4,4,1,1,3,3,5,5,1,3,2,1,5,3,3,2,3,3,1,4,2,1,5,3,4,2,4,3,4,1,1,2,4,4,4,4,4,2,4,3,5,4,5,5,4,5,5,5,5,5,5,5,4,5,5,4,1,1,1,1,2,3,1,2,3,5,3,2,3,5,5,5,2,3,1,3,1,2,3,2,5,5,4,5,4,2,3,4,2,2,4,5,1,5,2,3,2,189,26,26,20,54,35,69,232
,106,,2,3,2,1,1,3,1,2,1,2,2,3,5,4,2,1,2,1,3,2,3,3,1,1,5,2,4,1,1,2,4,2,2,2,4,2,4,3,2,2,2,4,2,2,4,3,1,2,1,1,1,4,1,5,3,2,3,3,2,2,1,1,1,1,2,5,3,1,2,1,2,1,1,3,1,5,1,3,5,4,5,4,1,4,5,5,5,4,5,5,5,5,5,5,5,4,1,1,1,1,1,1,1,2,1,1,5,1,4,1,4,1,1,1,1,1,5,1,1,5,4,1,5,5,2,2,5,4,2,5,2,2,3,2,168,20,24,20,39,21,51,174
,107,,2,4,3,2,2,3,2,2,1,3,2,3,4,5,2,2,3,3,3,4,3,3,3,3,3,3,3,1,1,2,3,2,2,4,5,1,2,4,2,4,4,2,3,2,2,4,1,5,1,1,2,2,4,1,5,4,2,2,4,3,3,2,2,1,3,3,2,3,3,2,4,2,2,3,2,3,2,3,5,5,5,5,5,5,5,4,4,4,5,4,5,3,5,5,3,4,4,2,2,3,3,2,2,4,2,1,5,2,1,1,2,1,1,2,1,1,3,2,1,4,4,2,2,1,1,4,1,3,4,1,3,1,5,4,169,21,32,22,57,26,48,206
,108,,2,3,3,2,1,2,2,3,1,3,1,4,2,2,2,1,2,4,5,3,5,2,2,3,4,4,5,1,3,5,2,2,3,2,5,4,2,3,2,3,4,4,1,3,1,3,2,5,2,3,5,5,3,1,1,3,5,2,5,2,1,2,4,2,3,1,3,5,3,2,5,4,5,1,2,4,4,3,5,3,4,2,3,5,5,4,3,3,5,2,5,2,4,5,5,5,2,1,4,1,2,3,1,2,4,2,2,1,2,1,1,5,1,1,1,2,3,2,2,5,4,3,5,2,5,4,3,1,5,1,3,1,1,4,163,20,37,22,48,28,62,222
,109,,2,1,4,3,3,3,3,3,4,3,3,3,3,3,3,1,2,3,2,3,5,3,3,3,3,2,5,3,3,5,4,3,4,5,4,3,2,1,3,3,3,2,2,1,1,3,3,3,2,4,5,5,3,3,3,2,2,1,1,5,1,1,1,1,3,3,1,3,3,1,3,3,3,1,1,4,3,3,5,5,4,5,5,3,5,5,5,4,5,3,5,5,5,5,5,5,1,1,1,1,1,1,1,1,1,1,1,1,1,1,1,1,1,1,1,1,1,1,1,5,1,1,5,1,1,2,1,1,4,1,3,3,1,3,140,24,22,23,53,33,53,213
,110,,2,3,3,2,2,3,1,1,2,3,1,3,4,1,3,3,3,3,3,3,3,1,3,3,3,3,3,2,3,3,3,3,2,3,3,2,3,2,3,2,3,3,2,2,3,3,3,3,3,3,4,3,3,2,3,2,4,3,4,3,3,4,3,2,2,2,1,3,2,3,4,3,2,1,3,2,4,3,5,4,3,5,3,2,5,3,5,1,4,2,4,3,4,4,2,5,3,2,2,1,2,2,1,3,2,1,2,2,2,1,1,1,1,1,1,2,1,1,1,2,5,5,5,3,2,4,1,1,5,2,2,1,1,5,144,19,30,17,56,29,49,206
,111,,2,3,2,1,4,2,3,2,1,2,2,2,3,2,3,4,4,2,2,4,3,3,2,2,4,3,3,3,2,4,4,1,1,3,2,3,3,1,2,1,3,1,1,3,2,3,1,2,5,3,4,1,1,3,3,5,3,2,4,5,2,3,2,1,4,2,2,1,2,3,4,3,2,4,3,3,2,2,5,3,3,2,1,2,5,4,5,3,5,4,4,3,1,2,2,2,1,2,1,2,1,3,1,3,2,1,1,2,2,1,2,2,5,1,1,1,1,2,1,2,1,3,5,1,2,5,1,1,2,1,2,1,2,2,126,27,28,19,50,27,48,198
,112,,2,2,4,2,4,3,2,4,2,4,2,1,2,4,4,2,3,4,4,5,3,2,4,3,4,3,5,4,2,4,2,1,3,1,4,5,3,4,1,2,5,3,4,3,5,2,4,2,2,3,4,4,1,2,2,1,2,2,3,3,4,2,4,1,3,3,4,1,4,1,2,1,4,3,1,4,2,2,4,5,3,3,2,1,5,5,3,5,2,4,5,3,5,5,5,5,1,1,1,1,1,3,1,3,3,1,5,5,5,2,3,3,5,1,1,1,1,3,1,5,3,5,5,3,5,5,1,1,5,1,5,5,5,3,179,24,22,26,50,34,62,221
,113,,2,3,4,3,2,3,3,2,1,3,3,3,2,4,3,1,3,3,2,4,3,4,3,3,4,5,4,2,3,2,3,3,1,2,1,4,3,3,2,1,4,2,3,3,5,3,1,2,1,1,1,5,2,3,3,3,2,2,5,3,2,2,3,1,3,1,1,2,2,3,3,4,3,3,3,5,1,3,4,4,4,3,2,5,5,3,5,3,3,4,4,4,3,3,5,3,3,4,2,3,4,2,4,5,2,2,4,1,3,1,3,1,2,1,3,4,1,1,4,5,2,3,5,3,3,3,2,1,3,4,2,4,2,5,174,22,33,24,45,24,60,207
,114,,2,3,3,2,1,2,2,1,1,1,2,4,1,1,4,1,2,3,1,2,3,5,2,2,5,4,5,1,1,4,3,3,2,1,3,5,1,1,3,5,1,5,2,2,4,1,2,4,2,2,3,2,2,3,1,1,5,2,4,1,1,3,2,3,2,1,3,4,5,1,4,1,3,4,1,3,3,5,3,5,4,4,1,1,3,4,2,2,5,5,3,3,1,3,3,5,5,5,3,1,5,5,5,4,4,4,5,1,5,5,5,4,2,5,5,5,2,3,5,3,3,2,2,4,5,5,1,1,2,5,5,1,1,5,195,18,27,19,40,34,55,194
,115,,2,3,2,3,4,3,2,2,2,3,2,5,3,2,2,2,3,3,3,4,4,2,3,3,1,2,4,1,1,2,3,2,2,2,2,4,2,3,2,3,5,4,3,3,4,3,3,3,3,3,3,3,3,3,3,3,3,3,3,3,1,2,3,4,5,4,3,2,1,2,3,4,5,3,2,4,3,4,4,5,4,3,3,3,5,4,4,4,5,3,4,3,2,5,4,5,1,1,1,1,1,3,2,1,1,1,1,1,1,1,2,2,1,1,1,1,1,1,1,3,4,1,2,2,2,3,1,1,4,1,3,3,2,2,132,20,30,26,50,32,59,220
,116,,2,4,5,4,5,2,4,5,2,1,5,2,5,5,5,4,2,4,4,1,2,5,5,5,1,2,4,4,2,1,1,5,5,5,5,1,5,5,5,1,4,1,4,4,5,5,4,2,1,2,2,1,5,2,4,4,2,4,2,2,5,4,5,4,4,5,4,5,4,4,1,4,5,5,4,4,5,2,2,3,3,4,3,5,5,5,3,4,3,3,5,3,4,2,2,3,4,3,5,5,1,4,3,5,4,3,4,3,4,3,5,4,4,3,4,3,4,3,4,3,4,3,4,3,4,5,3,4,3,5,3,4,3,3,201,23,30,27,80,40,68,272
,117,,2,2,3,2,2,2,2,2,2,2,2,2,2,3,3,2,2,2,2,2,3,2,2,2,3,3,3,2,2,3,3,3,3,3,3,3,3,3,3,3,3,3,3,3,3,3,1,3,3,3,2,3,2,4,2,2,3,3,3,5,2,2,2,2,2,1,3,3,3,2,3,2,3,2,3,3,3,2,3,5,4,5,4,4,5,5,4,4,5,4,5,4,5,5,4,4,1,1,1,1,1,1,1,1,1,1,1,1,1,1,1,1,1,1,1,1,1,1,1,4,1,1,5,1,1,5,1,1,5,1,4,1,1,5,139,22,26,18,47,29,52,196
,118,,2,3,3,2,3,3,1,3,1,1,3,3,1,3,3,1,3,3,3,3,2,3,3,2,4,3,3,1,2,3,3,3,3,3,3,3,3,3,3,3,3,3,3,3,3,1,2,3,3,4,1,5,2,3,4,5,2,3,3,4,3,3,3,1,3,3,1,1,2,3,3,2,3,1,2,4,2,2,3,4,3,3,2,2,4,3,4,2,2,2,3,3,4,4,3,4,3,2,2,2,1,3,2,4,2,3,4,3,4,3,3,2,2,3,2,2,2,2,3,5,2,3,4,4,3,3,2,2,2,3,2,2,3,4,158,22,28,22,53,24,52,204
,119,,2,1,5,1,5,2,5,5,5,5,3,3,3,5,2,5,5,4,2,3,4,4,4,5,1,5,1,4,5,1,1,4,1,2,5,1,5,2,5,4,2,4,4,2,2,5,4,4,4,5,2,5,4,4,2,4,2,1,3,4,5,1,2,4,4,2,5,2,4,2,3,4,1,1,3,3,4,2,5,4,5,5,4,5,5,4,5,5,4,3,3,3,1,5,5,1,5,1,3,5,5,4,4,1,4,3,3,5,1,1,4,5,5,4,5,5,5,5,5,5,5,4,1,1,3,5,5,2,3,3,3,2,3,2,207,27,27,29,68,35,59,252
,120,,2,3,2,2,4,2,2,3,2,2,3,3,2,3,3,4,2,3,2,3,4,2,1,2,4,4,3,1,1,5,3,4,2,3,4,4,4,3,2,2,2,3,2,3,3,3,2,3,4,2,3,2,1,3,3,2,2,1,4,3,1,2,3,3,2,1,4,2,4,3,3,4,3,3,2,3,3,1,3,4,4,5,4,5,5,3,4,4,4,4,3,3,4,3,4,4,2,2,1,2,2,2,1,4,2,2,2,2,2,3,3,1,2,2,2,1,2,2,1,3,3,3,5,4,2,4,1,1,5,3,4,3,2,3,161,24,33,19,47,27,54,206
,121,,2,2,2,2,1,1,1,1,1,1,1,1,1,1,1,1,1,2,2,1,5,3,5,1,3,5,5,1,1,5,4,1,2,4,4,5,2,3,1,3,2,5,4,4,2,1,3,2,3,2,2,5,1,5,1,2,3,4,2,3,1,2,3,4,4,4,3,2,2,1,5,2,1,1,2,4,4,5,5,3,1,4,1,1,5,2,5,5,5,5,5,3,1,2,2,2,1,1,1,1,1,1,1,1,1,1,1,2,1,1,2,2,5,1,1,1,1,2,1,2,2,1,3,5,2,5,2,1,5,2,5,1,1,5,130,23,23,18,41,25,57,193
,122,,2,1,1,1,1,1,1,1,1,1,1,1,5,5,5,1,1,1,5,5,5,1,1,1,5,1,5,1,1,5,5,1,1,1,1,5,1,1,1,5,5,5,1,5,5,1,1,1,1,1,5,1,1,5,1,1,5,1,5,3,1,1,1,1,4,1,1,1,1,1,5,1,4,5,2,2,5,2,4,5,5,5,1,1,1,5,1,3,1,3,2,1,1,5,5,5,1,1,1,1,2,2,1,2,1,1,5,5,5,1,1,1,2,2,3,1,2,5,1,1,1,1,1,1,1,1,1,2,1,2,4,2,1,1,122,22,23,19,31,32,52,180
,123,,2,3,2,1,2,1,1,2,1,2,2,1,1,3,1,1,1,2,5,4,5,3,1,2,1,3,3,1,1,4,5,1,1,1,1,5,5,2,1,5,4,5,1,1,3,5,1,1,1,1,1,1,2,2,2,5,5,1,4,3,2,1,3,1,3,3,1,1,1,2,5,1,1,1,1,5,1,5,4,5,5,5,4,2,5,5,4,2,4,3,5,1,5,5,1,5,1,2,1,1,2,1,1,1,1,1,1,1,2,1,1,1,1,1,1,1,5,2,1,5,2,1,3,1,5,5,3,5,4,1,4,2,5,4,151,19,21,22,40,20,51,174
,124,,2,2,4,2,3,3,1,2,1,2,2,4,3,1,2,1,3,3,3,3,4,1,2,3,5,3,4,4,3,4,3,2,1,5,3,3,2,1,4,3,4,3,5,2,5,1,2,3,4,5,2,3,1,3,4,2,3,1,4,5,1,3,1,1,2,1,4,3,2,1,3,2,3,4,3,3,1,1,4,3,2,3,3,3,4,2,4,3,4,3,4,3,3,4,2,4,2,2,1,2,2,2,3,3,1,1,1,2,2,2,1,2,1,1,1,2,2,2,1,5,3,2,5,3,3,4,1,1,3,1,3,2,1,5,139,25,29,19,48,31,55,206
,125,,2,2,3,2,2,2,2,2,1,3,3,3,3,3,1,4,3,3,3,3,4,2,2,3,3,3,2,1,3,3,4,3,1,2,2,3,3,3,2,2,2,2,3,2,4,3,1,3,3,2,1,3,3,3,3,3,2,2,3,3,3,2,3,1,3,2,2,1,3,3,3,2,2,2,2,3,1,3,5,5,3,4,3,2,5,4,2,3,5,4,5,3,5,5,1,3,1,1,1,1,1,1,1,1,1,1,2,1,1,1,1,1,1,1,1,1,1,1,1,1,1,1,2,1,1,4,1,1,3,4,3,1,1,4,120,22,28,19,50,20,52,191
,126,,2,3,4,2,1,2,2,2,1,1,1,1,2,4,3,3,2,2,4,3,4,1,1,1,4,4,1,1,1,3,4,3,1,2,2,4,2,3,1,1,4,1,2,2,3,3,3,2,2,2,1,2,2,2,2,3,3,3,4,4,2,2,2,1,1,1,1,2,2,2,3,2,2,3,3,3,2,3,4,3,4,2,3,2,5,4,4,3,4,3,4,4,5,5,3,4,1,1,2,1,1,2,1,2,2,1,1,1,1,1,1,1,1,1,1,1,5,1,1,4,2,1,5,1,2,5,2,2,4,1,3,2,1,4,136,22,28,13,41,21,47,174
,127,,2,2,1,2,2,2,2,2,1,3,4,1,1,3,1,1,2,3,3,3,5,2,1,1,4,4,3,1,1,3,3,2,1,2,2,3,2,3,1,1,1,1,1,2,4,3,1,1,1,1,1,1,2,3,2,5,1,3,3,3,1,1,4,1,2,1,1,1,4,2,2,1,2,5,2,3,1,3,4,5,4,3,2,4,4,4,4,4,5,4,4,4,4,4,3,4,4,1,2,1,1,1,2,2,2,2,2,1,3,1,2,2,2,2,1,1,2,1,1,2,1,2,5,3,2,5,1,1,3,2,4,2,2,4,148,21,24,17,42,18,42,161
,128,,2,3,3,1,2,2,2,1,2,2,3,2,1,3,2,1,2,2,2,3,4,1,1,2,4,4,3,2,2,2,4,2,1,1,2,3,2,2,1,1,3,3,4,3,2,3,1,2,1,1,1,3,3,3,2,3,4,1,4,5,2,1,2,1,2,1,1,2,2,1,2,1,3,3,2,3,1,4,3,4,5,3,2,4,5,5,3,5,4,3,4,4,5,4,5,4,2,2,2,2,2,2,3,2,2,1,3,2,3,1,4,4,1,1,1,2,3,3,2,5,2,3,3,2,3,5,1,2,4,3,5,1,1,4,166,21,25,17,37,24,46,169
,129,,2,1,1,2,3,1,2,5,1,3,5,3,5,5,4,1,3,2,3,5,5,5,5,4,5,1,1,1,1,5,5,5,1,2,1,2,1,5,1,3,5,5,1,1,5,1,1,3,3,1,5,1,5,5,3,2,2,2,1,5,1,4,3,3,5,2,4,3,3,4,4,4,1,4,5,3,1,3,5,3,3,3,4,2,5,4,1,1,5,3,5,1,3,5,1,5,2,1,2,5,2,2,1,2,1,2,4,5,3,2,2,2,1,2,2,2,2,5,1,5,2,1,4,5,1,5,2,5,1,3,2,1,2,3,154,26,36,34,58,30,46,228
,130,,2,2,1,1,1,1,1,2,2,2,4,4,2,2,2,4,3,3,1,2,4,2,2,1,5,1,2,1,1,3,5,1,1,1,2,2,2,2,2,1,4,2,1,1,4,3,1,4,1,1,1,2,2,2,2,5,2,2,2,1,2,1,2,1,1,2,1,1,1,2,1,1,2,2,2,2,1,2,5,4,4,5,2,4,5,4,5,3,5,3,5,1,4,5,2,5,2,1,2,1,2,1,1,2,2,1,1,1,2,2,1,1,1,1,1,1,2,1,1,4,2,1,5,2,2,5,1,1,5,2,2,2,3,4,143,13,28,18,38,18,36,151
,131,,2,3,1,3,2,2,2,3,2,3,2,3,4,3,4,2,3,3,3,4,3,2,4,4,3,4,4,1,2,4,3,4,3,4,2,3,2,4,4,4,4,3,2,2,4,2,3,2,3,3,4,3,4,3,3,3,2,2,4,5,2,3,3,2,3,2,3,3,4,3,4,4,2,2,3,1,3,4,5,4,2,2,2,4,5,3,4,2,5,3,4,1,2,3,5,4,4,3,2,1,2,2,1,1,2,2,1,1,3,1,2,3,4,2,1,2,2,2,2,2,2,2,2,2,5,2,2,1,2,2,4,5,2,2,143,25,32,22,61,32,52,228
,132,,2,1,1,1,3,3,3,1,1,3,3,2,3,3,3,1,1,1,5,4,4,2,3,3,3,3,3,3,3,4,3,3,3,3,3,3,1,1,1,2,4,3,2,5,5,4,1,4,2,2,2,2,4,3,2,4,4,2,5,4,4,2,2,1,2,2,2,2,4,3,4,2,2,1,1,3,1,3,3,5,5,1,1,2,5,5,5,2,5,5,5,5,5,5,5,5,1,1,1,1,1,1,1,1,1,1,1,1,5,1,1,2,1,2,1,1,1,1,1,1,1,1,1,1,1,5,1,1,5,1,5,1,1,1,130,22,26,21,57,24,51,202
,133,,2,3,1,2,3,1,1,2,1,2,4,1,2,1,1,1,2,2,3,2,4,2,2,2,3,3,2,1,2,3,2,2,1,3,1,5,2,2,3,1,3,1,3,2,4,3,2,1,1,3,1,3,3,1,4,2,1,2,5,5,3,3,2,1,2,2,1,1,2,3,4,2,1,2,2,3,3,2,3,5,5,3,4,5,5,3,3,4,4,5,4,2,3,5,4,5,2,1,1,1,1,1,1,1,1,1,3,1,4,2,2,1,1,1,1,1,2,1,1,2,3,2,2,2,3,5,5,1,2,2,5,4,2,3,147,19,26,17,45,17,43,170
,134,,2,3,1,2,2,1,1,2,2,2,3,2,5,1,1,5,1,1,1,4,1,4,1,2,5,5,2,1,1,1,1,1,1,1,1,5,2,1,2,4,5,4,5,5,5,5,1,2,3,4,1,5,1,5,2,2,3,3,5,1,1,2,3,4,5,1,4,1,1,1,2,4,4,1,3,3,3,4,5,4,4,4,4,5,4,5,5,5,3,4,5,5,5,5,5,4,2,1,2,1,2,1,2,5,1,1,5,4,2,2,1,4,3,1,2,2,5,4,2,5,4,4,5,5,4,4,1,1,5,1,4,2,2,5,188,14,27,26,42,26,58,196
,135,,2,1,1,1,1,1,1,1,1,1,1,1,2,3,5,1,2,3,3,3,3,1,3,1,3,2,1,1,2,1,5,1,1,1,1,5,1,1,1,1,3,1,5,2,4,3,1,5,1,1,5,1,1,1,3,4,5,2,3,3,3,3,4,3,4,1,1,3,2,1,2,4,3,4,3,3,3,3,5,5,5,5,5,4,5,5,5,4,5,5,5,1,5,5,3,5,2,1,3,2,3,5,2,2,1,1,1,1,1,3,3,1,5,1,3,1,3,1,3,5,5,2,4,2,2,5,3,5,5,4,2,4,3,4,186,17,25,13,42,34,42,173
,136,,2,1,5,1,1,1,1,2,1,5,1,1,1,1,1,1,1,1,5,1,5,1,1,1,1,1,1,1,1,1,5,1,1,5,1,1,1,5,1,1,1,1,1,1,1,1,1,1,1,1,1,1,1,1,1,5,1,1,1,1,5,1,1,1,1,1,1,5,1,1,2,1,1,1,1,5,1,1,5,4,1,1,2,1,5,5,5,5,5,5,5,5,1,5,1,5,1,1,1,2,2,1,2,4,1,1,5,2,5,1,5,5,1,2,3,5,5,2,1,5,4,1,5,5,5,5,2,1,2,2,5,1,1,5,173,8,18,13,35,12,36,123
,137,,2,2,5,1,1,1,1,1,1,1,3,3,2,3,5,1,1,1,4,5,3,1,1,1,4,4,2,1,1,5,5,3,1,1,1,5,3,1,1,5,3,2,3,4,5,3,1,1,1,1,5,1,1,2,1,4,5,1,3,3,1,1,1,1,1,1,1,1,5,1,2,4,1,1,4,2,4,1,3,3,3,5,5,5,5,5,5,4,3,2,5,5,5,5,1,4,3,1,5,5,1,1,1,1,1,1,5,1,1,1,1,1,1,1,1,3,3,1,1,5,1,5,5,5,5,5,4,1,5,1,1,5,5,5,172,19,26,13,39,30,43,174
,138,,2,5,1,2,2,2,4,1,1,1,2,2,1,4,2,1,2,3,4,5,5,2,1,2,1,1,5,1,1,4,4,1,1,2,1,5,1,2,2,3,4,5,2,4,4,1,1,2,1,1,4,1,1,4,2,1,4,2,5,2,4,3,2,1,1,1,1,1,5,2,4,2,1,2,2,3,1,3,4,5,5,4,2,5,5,5,4,3,5,5,5,5,4,5,5,4,1,1,2,1,1,2,1,1,3,1,2,1,5,1,2,2,1,1,2,4,2,2,4,4,3,3,3,2,4,5,3,2,4,2,5,3,2,2,170,16,28,18,41,25,52,180
,139,,2,5,3,1,1,1,1,1,1,2,2,5,2,2,2,1,1,3,2,3,3,2,1,1,5,2,4,2,1,4,3,2,2,2,2,3,2,2,1,1,1,2,3,3,2,3,2,2,3,1,3,3,2,4,3,4,2,2,4,2,2,2,2,2,2,1,3,2,2,2,3,2,3,3,2,3,2,2,4,5,5,5,4,1,5,5,3,4,5,5,5,4,5,5,5,5,1,1,1,1,1,1,1,1,1,1,1,1,3,1,1,1,1,1,1,1,4,1,4,3,3,1,4,1,1,5,2,4,4,1,1,5,4,4,154,18,32,13,38,23,50,175
,140,,2,3,3,3,2,2,1,1,4,4,3,1,3,4,5,5,1,1,3,1,1,3,2,1,5,1,1,1,1,5,5,1,1,1,1,4,3,4,1,1,5,5,1,1,3,1,5,5,3,3,2,5,1,5,4,4,3,3,3,3,1,1,1,1,1,3,2,1,1,1,3,2,1,1,1,3,3,1,5,3,4,5,2,5,5,4,3,1,2,3,5,1,5,5,1,2,1,1,4,1,5,1,1,5,1,3,3,1,3,4,2,1,1,1,1,1,1,1,1,1,1,1,2,1,1,1,1,1,3,3,3,1,1,5,131,21,26,24,34,24,50,186
,141,,2,2,3,1,1,2,1,1,1,3,2,1,1,1,4,1,1,2,5,3,1,1,1,1,3,3,3,1,1,3,4,1,1,3,3,1,1,1,2,3,1,3,3,2,1,3,1,1,2,1,3,1,3,3,3,3,1,1,1,3,3,1,4,1,1,3,1,3,2,3,2,1,3,2,4,3,1,1,5,5,5,4,3,4,5,4,5,4,5,3,4,4,5,5,4,3,1,1,2,1,2,1,1,5,1,1,2,1,3,1,1,1,2,1,1,1,3,1,2,3,1,1,3,2,1,5,1,1,4,1,3,1,1,4,145,18,18,14,41,22,40,153
,142,,2,3,3,1,2,2,4,1,3,2,3,3,5,4,5,1,3,3,4,2,3,2,2,3,4,1,2,4,2,5,4,3,2,4,1,2,2,4,2,5,3,5,4,3,4,1,3,4,2,4,3,1,3,4,4,1,2,1,2,4,4,3,4,2,3,1,4,3,1,2,1,3,1,1,3,4,2,3,3,5,4,2,5,3,4,3,3,3,4,5,5,1,4,2,4,3,1,5,2,4,3,1,3,1,1,1,1,1,4,1,3,3,1,3,1,3,4,1,1,1,1,4,5,1,3,4,1,1,5,2,2,1,1,2,146,20,31,21,50,35,53,214
,143,,2,5,3,2,2,5,5,5,5,5,1,3,5,5,5,5,3,2,5,4,3,4,5,4,3,2,5,2,3,3,2,5,4,3,2,5,2,3,4,1,2,3,2,5,4,2,3,4,5,4,3,2,2,3,4,5,2,3,4,2,1,2,3,4,5,4,3,2,1,2,3,4,5,5,4,3,2,5,5,5,4,5,5,5,5,5,5,5,5,5,5,5,5,5,5,5,1,1,1,1,2,2,1,2,2,1,2,2,1,1,1,1,1,1,1,1,5,1,1,1,1,1,1,1,1,1,1,1,5,1,5,1,1,5,149,29,35,30,59,38,71,262
,144,,2,1,1,2,2,2,3,2,2,2,1,2,4,4,4,2,2,1,3,5,4,4,3,2,5,2,3,2,1,5,5,1,1,1,1,5,1,2,1,2,4,3,2,5,4,1,1,2,1,3,4,1,1,4,4,2,3,1,5,5,1,1,1,1,1,3,4,1,1,2,2,4,1,1,5,3,5,2,4,5,4,5,4,3,4,4,4,2,5,3,4,4,4,5,3,5,2,1,2,1,1,2,1,2,3,4,4,3,5,3,3,4,4,2,1,5,3,5,4,3,2,3,3,2,4,5,2,1,3,4,4,2,3,4,182,22,32,19,37,26,50,191
,145,,2,4,2,3,1,4,2,4,2,4,1,4,4,2,4,2,3,1,3,5,4,4,4,2,3,1,2,2,3,2,4,4,1,4,2,2,2,4,2,3,5,3,3,4,3,3,3,3,4,4,2,4,3,2,3,4,3,2,3,3,3,3,3,3,3,3,3,3,3,3,3,3,3,1,3,3,3,3,5,5,4,4,2,5,4,4,3,4,2,4,1,1,4,5,1,2,2,4,2,4,3,1,5,2,4,1,2,1,5,5,5,2,2,1,1,1,1,2,2,3,2,3,1,2,5,2,4,1,3,2,4,2,2,3,157,19,34,28,60,30,50,226
,146,,2,2,3,2,2,1,2,1,1,2,2,3,1,3,5,4,2,3,1,5,4,5,1,2,2,1,3,3,1,3,4,4,1,3,1,1,1,3,4,5,4,2,2,3,5,1,4,1,3,1,3,1,1,4,4,1,2,1,2,5,5,1,3,1,4,1,4,1,4,1,2,4,1,1,4,1,4,5,5,4,5,3,2,4,5,3,5,4,5,4,5,3,5,4,4,4,1,1,5,1,1,1,1,2,1,1,3,1,2,1,1,1,1,1,1,1,2,1,3,3,2,1,3,1,2,5,4,4,5,1,4,1,4,5,153,18,26,21,45,28,49,194
,147,,2,1,2,1,1,2,2,2,1,2,3,2,2,2,2,2,2,3,2,2,4,2,2,2,2,4,2,1,1,3,5,1,2,3,1,4,3,2,3,4,1,3,1,4,2,3,3,1,1,1,5,1,3,4,3,4,4,4,4,4,3,1,1,2,1,3,4,1,3,3,3,3,3,1,1,1,1,1,5,5,5,5,1,1,5,5,5,5,3,5,5,3,1,3,4,3,1,1,1,1,1,1,1,1,1,1,3,1,1,1,11,1,1,1,1,1,3,1,1,3,1,1,5,1,1,2,3,3,3,2,3,4,3,5,146,19,23,16,45,26,47,179
,148,,2,3,2,2,1,1,2,3,4,3,2,1,5,2,3,3,2,1,4,3,4,3,2,3,4,3,4,2,5,4,4,2,2,2,2,4,2,2,2,4,4,4,2,4,4,2,3,4,2,2,4,2,2,4,2,2,4,2,4,3,3,3,2,4,2,4,1,2,4,2,5,4,2,4,2,3,3,4,5,3,4,2,2,1,4,4,4,5,4,2,5,4,5,5,2,5,1,1,1,1,1,2,1,4,1,1,2,1,3,1,2,1,2,5,2,2,2,1,1,1,1,1,1,1,1,1,1,1,1,1,1,3,5,2,127,27,30,22,48,37,55,221
,149,,2,3,3,3,2,2,2,2,1,3,3,3,3,4,3,1,2,3,4,3,3,3,3,2,5,2,3,3,2,5,4,4,5,4,2,5,4,5,1,1,1,3,3,3,3,1,2,3,2,1,2,3,2,5,2,3,5,2,3,3,3,1,3,1,3,3,2,3,2,3,3,3,3,1,3,3,1,3,4,5,5,3,2,3,5,5,3,4,5,2,5,2,5,5,4,2,1,1,1,1,1,1,1,1,1,1,1,3,2,1,2,1,1,1,1,1,2,2,1,3,2,1,5,2,1,2,3,1,5,3,3,3,4,3,139,22,34,20,46,30,58,212
,150,,2,3,4,4,1,2,1,1,1,3,1,1,2,2,4,1,1,2,3,2,2,1,1,1,5,1,5,1,1,3,5,3,1,1,1,2,1,1,1,1,1,1,3,1,5,1,1,5,1,3,1,5,3,1,1,1,3,1,1,1,1,1,3,1,3,5,1,5,5,1,3,3,5,3,3,3,1,3,4,2,4,3,2,3,2,3,3,2,5,3,4,4,1,3,4,1,1,1,1,1,1,1,1,2,1,1,1,1,5,2,1,2,2,2,1,4,5,2,2,5,1,1,1,1,1,2,5,1,5,1,3,5,1,2,129,17,25,13,37,24,52,167
,151,,2,4,4,1,1,2,3,2,1,2,1,2,1,2,3,1,2,1,5,1,3,3,2,2,3,2,3,1,1,2,5,1,1,1,2,3,2,1,1,1,1,1,1,1,5,2,1,2,1,1,1,2,3,1,2,5,1,1,2,1,1,1,1,1,3,1,1,11,1,2,1,1,1,5,4,3,1,5,5,5,5,4,3,5,5,5,4,5,5,5,5,2,5,5,4,3,2,1,2,1,1,2,1,2,2,1,2,1,2,2,2,2,2,2,1,1,5,2,3,5,1,2,5,1,1,5,3,3,4,4,5,4,2,3,170,15,24,15,33,19,55,158
,152,,2,3,1,2,1,3,2,1,1,2,2,2,1,3,1,1,2,1,2,3,4,3,2,2,5,3,3,2,1,4,5,1,1,2,1,4,2,2,2,1,4,2,4,1,5,3,1,2,1,1,4,3,2,2,1,5,4,2,4,3,2,1,1,1,4,2,1,1,2,2,3,4,2,2,1,3,2,2,3,2,4,5,4,3,5,3,3,4,5,4,4,5,5,5,5,5,1,1,4,3,2,1,1,1,2,1,2,1,3,1,1,1,1,1,1,2,3,1,1,5,5,3,5,5,5,5,1,1,3,1,1,1,1,5,157,19,29,21,39,25,40,174
,153,,2,1,1,1,1,1,1,1,1,1,1,1,1,5,1,1,1,1,2,1,5,1,1,1,5,1,1,1,1,5,5,1,1,1,1,5,1,1,1,1,1,5,5,1,5,1,1,1,1,1,1,1,1,5,4,1,1,2,5,1,1,1,1,1,1,1,1,1,1,1,1,1,1,1,5,1,1,1,5,5,5,5,4,2,5,5,5,3,5,5,5,5,5,5,5,5,1,1,1,1,1,1,1,1,1,1,5,1,1,1,2,1,1,1,1,1,2,1,2,1,1,1,5,1,2,5,1,1,5,1,5,1,1,5,150,16,26,12,24,16,35,130
,154,,2,3,2,1,1,1,1,1,1,2,2,1,2,3,2,1,1,1,4,5,4,1,2,1,4,1,4,1,1,1,2,3,2,1,1,5,1,2,1,5,4,4,2,4,4,3,4,5,1,2,5,1,1,5,2,1,5,1,5,4,1,1,1,1,1,1,1,1,1,1,5,2,3,5,1,1,5,5,4,5,4,5,4,5,5,5,5,4,4,5,5,5,5,5,5,3,2,2,1,2,2,4,2,2,2,1,5,2,5,2,2,2,1,3,2,1,4,2,1,5,2,3,4,3,1,4,3,5,4,5,3,3,2,5,187,17,28,16,31,31,51,178
,155,,2,2,1,1,1,3,1,3,1,1,2,3,1,1,3,1,1,2,1,3,3,2,2,1,3,5,3,1,2,4,4,2,2,4,3,3,2,3,4,5,3,4,2,3,5,2,2,1,2,4,5,2,2,3,4,5,5,2,3,3,2,3,2,1,2,3,2,4,2,3,5,3,1,3,3,2,3,4,4,3,2,5,3,5,5,4,5,3,5,4,5,2,5,5,3,3,2,2,1,2,1,1,2,1,1,1,2,1,1,1,2,2,1,1,1,2,2,2,2,5,1,1,5,2,1,3,1,1,4,1,1,1,1,3,136,23,27,20,49,30,49,200
,156,,2,4,2,2,4,4,4,2,2,4,4,2,3,3,2,2,4,2,4,4,4,3,4,4,4,4,4,2,2,2,4,2,2,2,4,4,2,4,2,2,4,2,2,3,5,4,1,3,2,1,1,2,4,4,4,5,4,2,4,5,5,2,4,1,2,1,1,1,5,3,5,2,4,4,2,2,1,5,5,5,5,4,3,2,5,4,5,4,5,4,4,4,5,5,2,5,3,1,2,2,2,2,1,4,2,1,4,2,4,2,2,4,1,1,1,4,2,2,3,4,4,4,5,4,5,5,3,2,2,2,3,1,3,3,178,23,32,25,65,28,60,231
,157,,2,2,2,2,1,1,1,1,1,1,1,1,1,1,1,1,1,2,2,1,5,3,5,1,3,5,5,1,1,5,4,1,2,4,4,5,2,3,1,3,2,5,4,4,2,1,3,2,3,2,2,5,1,5,1,1,3,4,2,3,1,2,3,4,4,4,3,2,2,1,5,2,1,1,2,4,4,5,5,3,1,4,1,1,1,5,2,5,5,5,5,3,1,2,2,2,1,1,1,1,1,1,1,1,1,1,1,2,1,1,2,2,5,1,1,1,1,2,1,2,2,1,3,5,2,5,2,1,5,2,5,1,1,5,126,23,23,18,40,25,57,192
,158,,2,2,3,1,1,2,1,1,1,3,2,1,1,1,4,1,1,2,5,3,1,1,1,1,3,3,3,1,1,3,4,1,1,3,3,1,1,1,2,3,1,3,3,2,1,3,1,1,2,1,3,1,3,3,3,3,1,1,1,3,3,1,4,1,1,3,1,3,2,3,2,1,3,2,4,3,1,1,4,2,3,4,4,2,5,2,2,1,5,3,4,2,5,5,1,5,1,2,1,1,4,3,4,2,2,1,5,5,2,3,3,5,2,2,2,4,2,3,3,2,2,4,5,5,5,5,3,1,3,2,5,1,2,5,171,18,18,14,41,22,40,153
,159,,2,1,1,2,3,1,2,5,1,3,5,3,5,5,4,1,3,2,3,5,5,5,5,4,5,1,1,1,1,5,5,5,1,2,1,2,1,5,1,3,5,5,1,1,5,1,1,3,3,1,5,1,5,5,3,2,2,2,1,5,1,4,3,3,5,2,4,3,3,4,4,4,1,4,5,3,1,3,5,3,3,3,4,2,5,4,1,1,5,3,5,1,3,5,1,5,2,1,2,5,2,2,1,2,1,2,1,1,1,1,1,1,1,1,1,1,1,1,1,1,1,1,1,1,1,1,1,1,1,1,1,1,1,1,107,26,36,34,58,30,46,228
,160,,2,3,4,4,1,2,1,1,1,3,1,1,2,2,4,1,1,2,3,2,2,1,1,1,5,1,5,1,1,3,5,3,1,1,1,2,1,1,1,1,1,1,3,1,5,1,1,5,1,3,1,5,3,1,1,1,3,1,1,1,1,1,3,1,3,5,1,5,5,1,3,3,5,3,3,3,1,3,4,2,4,3,2,3,2,3,3,2,5,3,5,4,1,3,4,1,1,1,1,1,1,1,1,2,1,1,1,1,5,2,1,2,2,2,1,4,5,2,2,5,1,1,1,1,1,2,5,1,5,1,3,5,1,2,130,17,25,13,37,24,52,167
